{"type":"FeatureCollection","features":[{"id":"0","type":"Feature","properties":{},"geometry":{"type":"MultiPolygon","coordinates":[[[[24.6792,60.10944],[24.68097,60.11107],[24.6802,60.1119],[24.68181,60.1117],[24.68085,60.11319],[24.68405,60.112],[24.68356,60.10983],[24.68014,60.10901],[24.6792,60.10944]]],[[[24.72249,60.11294],[24.72344,60.11312],[24.72393,60.11214],[24.72285,60.1119],[24.72249,60.11294]]],[[[24.68424,60.11257],[24.6868,60.11291],[24.68596,60.11219],[24.68424,60.11257]]],[[[24.74753,60.11439],[24.74674,60.11361],[24.74415,60.11406],[24.74419,60.11273],[24.74098,60.11201],[24.74108,60.11137],[24.73758,60.1132],[24.73894,60.11567],[24.7404,60.11626],[24.74664,60.1158],[24.74753,60.11439]]],[[[24.7032,60.11898],[24.69842,60.11688],[24.69508,60.11694],[24.69481,60.11617],[24.69581,60.1159],[24.69511,60.11515],[24.69018,60.11436],[24.68807,60.11276],[24.6858,60.1143],[24.68905,60.11644],[24.6942,60.11759],[24.69349,60.11822],[24.69419,60.11884],[24.69866,60.1206],[24.69876,60.11916],[24.69978,60.11871],[24.7024,60.12009],[24.7032,60.11898]]],[[[24.66755,60.11522],[24.66508,60.11784],[24.6666,60.11865],[24.66939,60.11724],[24.66755,60.11522]]],[[[24.66818,60.11931],[24.66894,60.12002],[24.66977,60.11916],[24.66942,60.11893],[24.66818,60.11931]]],[[[24.66764,60.12121],[24.66626,60.12066],[24.66501,60.12121],[24.66806,60.12267],[24.66764,60.12121]]],[[[24.71249,60.12186],[24.71653,60.12268],[24.71661,60.12236],[24.71249,60.12186]]],[[[24.71088,60.12294],[24.71197,60.12203],[24.70997,60.12255],[24.71088,60.12294]]],[[[24.73713,60.12259],[24.73856,60.12318],[24.7348,60.12469],[24.73638,60.12524],[24.73639,60.12675],[24.74162,60.12674],[24.74098,60.12619],[24.74207,60.12386],[24.7415,60.12097],[24.73893,60.12256],[24.73718,60.1215],[24.73713,60.12259]]],[[[24.69801,60.12422],[24.70021,60.12443],[24.70069,60.12399],[24.69801,60.12422]]],[[[24.73516,60.12357],[24.73316,60.12379],[24.73256,60.12434],[24.7351,60.12431],[24.73516,60.12357]]],[[[24.69012,60.12404],[24.6897,60.12548],[24.69346,60.12487],[24.69201,60.12491],[24.69152,60.12395],[24.69012,60.12404]]],[[[24.69999,60.12525],[24.70181,60.12522],[24.70237,60.12473],[24.70071,60.1246],[24.69999,60.12525]]],[[[24.71675,60.12279],[24.71834,60.12475],[24.71767,60.12525],[24.71816,60.12658],[24.72146,60.1273],[24.72346,60.12634],[24.72357,60.12439],[24.72529,60.12369],[24.71675,60.12279]]],[[[24.66956,60.12475],[24.66744,60.12525],[24.66861,60.12557],[24.66956,60.12475]]],[[[24.73445,60.12592],[24.73168,60.12511],[24.72884,60.12722],[24.73223,60.12867],[24.73528,60.1276],[24.73445,60.12592]]],[[[24.74306,60.12783],[24.74477,60.12792],[24.74529,60.12743],[24.74306,60.12783]]],[[[24.73615,60.12788],[24.73721,60.12916],[24.73861,60.12882],[24.73772,60.12815],[24.73821,60.1273],[24.73658,60.1271],[24.73615,60.12788]]],[[[24.69415,60.12778],[24.6982,60.12905],[24.70025,60.13179],[24.70128,60.13073],[24.70201,60.13208],[24.70322,60.13189],[24.70196,60.13151],[24.70185,60.13056],[24.70295,60.13044],[24.70168,60.13015],[24.70248,60.12971],[24.70117,60.12845],[24.69469,60.12745],[24.69415,60.12778]]],[[[24.71249,60.13128],[24.71434,60.13204],[24.71522,60.13095],[24.7137,60.1308],[24.71249,60.13128]]],[[[24.7162,60.13207],[24.71398,60.13306],[24.7171,60.13256],[24.7162,60.13207]]],[[[24.69962,60.13453],[24.6977,60.13254],[24.69603,60.13284],[24.69781,60.13485],[24.69962,60.13453]]],[[[24.73153,60.13384],[24.73326,60.13427],[24.73401,60.13385],[24.73153,60.13384]]],[[[24.70419,60.1369],[24.70209,60.13744],[24.70163,60.13901],[24.70678,60.1385],[24.70419,60.1369]]],[[[24.69118,60.13748],[24.68994,60.13669],[24.68424,60.13679],[24.68612,60.13812],[24.68352,60.13732],[24.68562,60.13806],[24.68386,60.13816],[24.68559,60.13849],[24.68404,60.13849],[24.68566,60.13868],[24.6845,60.1388],[24.68462,60.13899],[24.68632,60.13899],[24.68469,60.13951],[24.6894,60.13993],[24.69064,60.13975],[24.69118,60.13748]]],[[[24.72156,60.1382],[24.71938,60.13865],[24.72952,60.14111],[24.72767,60.13964],[24.72156,60.1382]]],[[[24.74263,60.1426],[24.74371,60.14339],[24.74485,60.14266],[24.74373,60.14226],[24.74263,60.1426]]],[[[24.72141,60.1456],[24.72197,60.14772],[24.72079,60.14875],[24.73034,60.149],[24.73428,60.15007],[24.73382,60.14922],[24.73635,60.14798],[24.73952,60.14788],[24.73219,60.14599],[24.73206,60.14534],[24.73606,60.14436],[24.73567,60.14347],[24.7291,60.14382],[24.72706,60.1449],[24.72678,60.14432],[24.72141,60.1456]]],[[[24.71579,60.15004],[24.71653,60.14915],[24.71476,60.14983],[24.71579,60.15004]]],[[[24.68353,60.15049],[24.68122,60.15005],[24.67871,60.15056],[24.68471,60.15164],[24.68759,60.15053],[24.68567,60.14975],[24.68353,60.15049]]],[[[24.71305,60.15156],[24.71796,60.15451],[24.72092,60.15418],[24.72205,60.15313],[24.7224,60.15059],[24.71305,60.15156]]],[[[24.68978,60.18982],[24.68797,60.19009],[24.69149,60.19024],[24.68978,60.18982]]],[[[24.67583,60.21454],[24.67676,60.21418],[24.67615,60.21342],[24.67488,60.2133],[24.67583,60.21454]]],[[[24.72496,60.2175],[24.73482,60.22103],[24.73552,60.22026],[24.73103,60.21696],[24.72496,60.2175]]],[[[24.68155,60.22269],[24.68259,60.22377],[24.68355,60.22373],[24.68411,60.22344],[24.68569,60.22411],[24.68769,60.22413],[24.6875,60.22458],[24.68762,60.2247],[24.69045,60.2251],[24.69026,60.22569],[24.69042,60.226],[24.6925,60.22724],[24.69292,60.2274],[24.69564,60.22794],[24.69674,60.22783],[24.69802,60.22873],[24.70147,60.23026],[24.70113,60.23124],[24.70226,60.23271],[24.70259,60.23275],[24.70428,60.23244],[24.70622,60.23402],[24.70866,60.23519],[24.70926,60.23531],[24.71131,60.2353],[24.71343,60.23689],[24.71514,60.23778],[24.72117,60.24042],[24.72954,60.24312],[24.73712,60.2481],[24.73282,60.24831],[24.73216,60.25011],[24.73923,60.25208],[24.74209,60.25538],[24.74431,60.25506],[24.75025,60.25691],[24.75201,60.25884],[24.76279,60.26474],[24.76694,60.26583],[24.77451,60.26985],[24.77634,60.26912],[24.78332,60.27281],[24.77923,60.27024],[24.78143,60.27036],[24.78256,60.27174],[24.7832,60.27131],[24.78258,60.27057],[24.77227,60.26761],[24.76105,60.25927],[24.75943,60.25749],[24.76055,60.2558],[24.75478,60.25233],[24.75309,60.24822],[24.75053,60.24637],[24.7491,60.2467],[24.74877,60.24816],[24.74739,60.2483],[24.74005,60.24691],[24.73459,60.24488],[24.73231,60.24238],[24.72471,60.23942],[24.72064,60.23893],[24.71112,60.2352],[24.70877,60.23515],[24.70432,60.23234],[24.70237,60.23268],[24.70152,60.23019],[24.69687,60.22779],[24.69265,60.22725],[24.69039,60.22502],[24.68772,60.22466],[24.6877,60.22406],[24.68431,60.22342],[24.68399,60.2234],[24.68369,60.22349],[24.6835,60.22367],[24.68267,60.22373],[24.68155,60.22269]]],[[[24.73988,60.23605],[24.73929,60.23343],[24.73184,60.23042],[24.72843,60.22779],[24.72795,60.22599],[24.72322,60.22633],[24.71309,60.22517],[24.71379,60.22684],[24.71829,60.22846],[24.72121,60.22726],[24.72527,60.22766],[24.72729,60.23048],[24.72646,60.23237],[24.72857,60.23553],[24.73202,60.23638],[24.73584,60.2357],[24.73887,60.23664],[24.73988,60.23605]]],[[[24.69449,60.24729],[24.68986,60.24655],[24.68514,60.24851],[24.686,60.24862],[24.68502,60.24895],[24.68562,60.24909],[24.68371,60.25268],[24.68503,60.25576],[24.68929,60.25677],[24.69919,60.25401],[24.70151,60.25245],[24.69449,60.24729]]],[[[24.66131,60.24076],[24.65751,60.24386],[24.66068,60.244],[24.66098,60.24528],[24.65922,60.2465],[24.65609,60.24679],[24.65749,60.24903],[24.65533,60.25035],[24.65733,60.25339],[24.65492,60.2565],[24.6559,60.25882],[24.65447,60.26125],[24.65646,60.26454],[24.65576,60.26907],[24.65671,60.27092],[24.66226,60.27157],[24.66341,60.27111],[24.66313,60.26896],[24.66869,60.26728],[24.67037,60.26863],[24.67722,60.27057],[24.68766,60.26943],[24.68828,60.26784],[24.68718,60.26634],[24.68196,60.26563],[24.68305,60.26436],[24.68232,60.26263],[24.67893,60.26082],[24.67539,60.26078],[24.67531,60.25959],[24.67824,60.25802],[24.68004,60.25547],[24.67623,60.25105],[24.67718,60.24964],[24.68142,60.24777],[24.68218,60.24614],[24.67594,60.24281],[24.66717,60.24202],[24.6656,60.24294],[24.66131,60.24076]],[[24.67444,60.25906],[24.67433,60.25883],[24.67462,60.25876],[24.67444,60.25906]],[[24.67031,60.25564],[24.67034,60.25568],[24.67031,60.25568],[24.67031,60.25564]],[[24.67008,60.25554],[24.67028,60.2556],[24.67013,60.25559],[24.67008,60.25554]],[[24.66962,60.25481],[24.66974,60.2555],[24.66921,60.25507],[24.66962,60.25481]]],[[[24.73848,60.27545],[24.73916,60.27785],[24.73847,60.27661],[24.73812,60.27776],[24.73918,60.27793],[24.73923,60.27895],[24.73928,60.27804],[24.73848,60.27545]]],[[[24.66072,60.28877],[24.65933,60.28652],[24.65811,60.2874],[24.65916,60.28895],[24.66072,60.28877]]],[[[24.65648,60.29277],[24.65681,60.29396],[24.65519,60.29442],[24.65674,60.2959],[24.66217,60.29231],[24.65871,60.29331],[24.65648,60.29277]]],[[[24.65758,60.30103],[24.65908,60.30249],[24.66038,60.30277],[24.65889,60.30098],[24.65758,60.30103]]],[[[24.71996,60.30415],[24.71936,60.30167],[24.71633,60.30234],[24.71549,60.30409],[24.72422,60.30794],[24.72682,60.30785],[24.72615,60.30657],[24.71996,60.30415]]],[[[24.68929,60.31219],[24.70045,60.3145],[24.70629,60.3177],[24.71211,60.31638],[24.71051,60.31395],[24.70827,60.31447],[24.70714,60.31367],[24.70454,60.31493],[24.69829,60.31342],[24.69439,60.31121],[24.69405,60.30873],[24.69168,60.30922],[24.68782,60.30708],[24.68675,60.30855],[24.68872,60.30949],[24.68929,60.31219]]],[[[24.73272,60.3181],[24.73413,60.31991],[24.73694,60.31963],[24.73414,60.31762],[24.73272,60.3181]]],[[[24.66435,60.31943],[24.66417,60.31835],[24.6628,60.31911],[24.66246,60.31718],[24.65925,60.31384],[24.66016,60.31722],[24.65947,60.31877],[24.66217,60.32007],[24.66268,60.32411],[24.66443,60.32544],[24.66349,60.31974],[24.66435,60.31943]]],[[[24.74345,60.31933],[24.73961,60.31919],[24.74135,60.32096],[24.74444,60.32087],[24.74345,60.31933]]],[[[24.70253,60.32582],[24.70632,60.3235],[24.70039,60.32278],[24.69541,60.32648],[24.69724,60.32665],[24.70071,60.32402],[24.70208,60.3274],[24.70253,60.32582]]],[[[24.73161,60.32487],[24.72712,60.32705],[24.73276,60.32511],[24.73161,60.32487]],[[24.73026,60.3258],[24.73019,60.32573],[24.73034,60.32569],[24.73026,60.3258]]],[[[24.68499,60.32971],[24.68609,60.32898],[24.68261,60.32747],[24.68333,60.32876],[24.68499,60.32971]]],[[[24.73876,60.32909],[24.73901,60.32825],[24.73836,60.32724],[24.73777,60.32973],[24.74001,60.32978],[24.73876,60.32909]]],[[[24.67931,60.32839],[24.68076,60.32981],[24.6809,60.33236],[24.68262,60.33232],[24.68139,60.32956],[24.68184,60.32877],[24.67931,60.32839]]],[[[24.67015,60.33166],[24.66687,60.32895],[24.66564,60.32878],[24.66867,60.33315],[24.67015,60.33166]]],[[[24.68847,60.33209],[24.68696,60.33166],[24.68518,60.33279],[24.68423,60.33544],[24.68532,60.33663],[24.68847,60.33209]]],[[[24.66391,60.33832],[24.66446,60.33499],[24.6625,60.33322],[24.66269,60.33735],[24.66391,60.33832]]],[[[24.67094,60.33762],[24.66863,60.3384],[24.67189,60.33864],[24.67094,60.33762]]],[[[24.75343,60.11983],[24.75493,60.12044],[24.75632,60.11982],[24.7548,60.11881],[24.75343,60.11983]]],[[[24.78966,60.12104],[24.7904,60.1214],[24.79283,60.12099],[24.79121,60.12046],[24.78966,60.12104]]],[[[24.82795,60.12251],[24.8277,60.12091],[24.82615,60.12151],[24.82795,60.12251]]],[[[24.84809,60.12357],[24.84666,60.12405],[24.84589,60.12525],[24.84721,60.12482],[24.84809,60.12357]]],[[[24.79977,60.12391],[24.79803,60.12599],[24.79969,60.12614],[24.80081,60.12451],[24.79977,60.12391]]],[[[24.76511,60.1254],[24.76637,60.12572],[24.7658,60.12479],[24.76511,60.1254]]],[[[24.78148,60.12618],[24.77697,60.12465],[24.77899,60.1262],[24.77865,60.12746],[24.7796,60.12622],[24.78148,60.12618]]],[[[24.80824,60.12756],[24.805,60.12694],[24.80423,60.12795],[24.80542,60.1287],[24.80824,60.12756]]],[[[24.77343,60.12612],[24.77095,60.12659],[24.76951,60.12559],[24.76786,60.12624],[24.76718,60.1273],[24.76854,60.12745],[24.76842,60.12977],[24.77022,60.12998],[24.77258,60.12853],[24.77192,60.12731],[24.77343,60.12612]]],[[[24.81729,60.12707],[24.81468,60.1278],[24.81401,60.1285],[24.81556,60.12853],[24.81729,60.12707]]],[[[24.75182,60.12798],[24.751,60.1282],[24.7508,60.12889],[24.75306,60.12817],[24.75201,60.12711],[24.75108,60.12761],[24.75182,60.12798]]],[[[24.81637,60.13059],[24.81624,60.12954],[24.81467,60.13038],[24.81509,60.13065],[24.81637,60.13059]]],[[[24.81088,60.12737],[24.80832,60.12827],[24.80933,60.12853],[24.80863,60.12964],[24.80918,60.13098],[24.81325,60.13223],[24.81362,60.13344],[24.81695,60.13123],[24.8142,60.13049],[24.81462,60.12982],[24.81452,60.12964],[24.81333,60.12999],[24.81348,60.12884],[24.81137,60.12906],[24.81088,60.12737]]],[[[24.75869,60.13264],[24.75981,60.13279],[24.75986,60.13158],[24.75885,60.13156],[24.75869,60.13264]]],[[[24.83011,60.13378],[24.8342,60.13122],[24.83193,60.1316],[24.83011,60.13378]]],[[[24.76744,60.13214],[24.76683,60.13125],[24.76405,60.13209],[24.76511,60.1327],[24.76418,60.13362],[24.76553,60.13375],[24.76524,60.13452],[24.76623,60.13492],[24.76536,60.13524],[24.76838,60.13594],[24.77327,60.13442],[24.77063,60.13252],[24.76744,60.13214]]],[[[24.79484,60.1336],[24.79554,60.1345],[24.79631,60.13391],[24.79621,60.13325],[24.79484,60.1336]]],[[[24.78029,60.13773],[24.78076,60.13703],[24.77927,60.1358],[24.77549,60.13655],[24.78187,60.13856],[24.78029,60.13773]]],[[[24.74734,60.13708],[24.74851,60.13787],[24.7493,60.137],[24.74734,60.13708]]],[[[24.75014,60.13757],[24.75047,60.13928],[24.74996,60.14007],[24.75442,60.14008],[24.75543,60.13932],[24.75014,60.13757]]],[[[24.83711,60.14139],[24.83303,60.13946],[24.83137,60.14242],[24.83637,60.14285],[24.83711,60.14139]]],[[[24.74708,60.14397],[24.74815,60.14295],[24.74614,60.14337],[24.74708,60.14397]]],[[[24.75521,60.14376],[24.75843,60.14479],[24.75935,60.14398],[24.75599,60.14339],[24.75521,60.14376]]],[[[24.76517,60.14247],[24.76461,60.14371],[24.76159,60.14514],[24.76846,60.14886],[24.77292,60.15267],[24.78775,60.15491],[24.80082,60.14969],[24.81738,60.14526],[24.83101,60.14218],[24.8324,60.13966],[24.828,60.13422],[24.81686,60.1334],[24.79577,60.13448],[24.78747,60.13803],[24.78184,60.13865],[24.77283,60.13912],[24.76517,60.14247]]],[[[24.84882,60.14398],[24.84695,60.14403],[24.84777,60.14568],[24.84965,60.14581],[24.84882,60.14398]]],[[[24.76192,60.14434],[24.76003,60.14457],[24.75763,60.14635],[24.76145,60.14507],[24.76192,60.14434]]],[[[24.82658,60.14783],[24.82164,60.14557],[24.81861,60.14655],[24.8199,60.14533],[24.81881,60.14498],[24.81727,60.14578],[24.81705,60.14736],[24.81933,60.14692],[24.82026,60.14841],[24.82347,60.14899],[24.82658,60.14783]]],[[[24.75559,60.14841],[24.75371,60.14908],[24.75603,60.15082],[24.75958,60.15103],[24.76208,60.14978],[24.75576,60.14739],[24.75559,60.14841]]],[[[24.84376,60.14921],[24.84173,60.14826],[24.83927,60.14962],[24.84086,60.15073],[24.84257,60.1506],[24.84376,60.14921]]],[[[24.76748,60.14888],[24.766,60.15028],[24.76743,60.15133],[24.7685,60.14927],[24.76748,60.14888]]],[[[24.83814,60.1503],[24.83728,60.15108],[24.83877,60.15217],[24.83801,60.153],[24.83994,60.15284],[24.84008,60.15122],[24.83814,60.1503]]],[[[24.80635,60.14988],[24.80255,60.14944],[24.79947,60.15129],[24.79645,60.15155],[24.7961,60.15433],[24.79666,60.15488],[24.80619,60.15126],[24.80635,60.14988]]],[[[24.83738,60.1527],[24.83604,60.15062],[24.83393,60.15057],[24.83067,60.15354],[24.83528,60.15485],[24.83738,60.1527]]],[[[24.8285,60.15258],[24.8277,60.15211],[24.82374,60.1551],[24.8277,60.15517],[24.8285,60.15258]]],[[[24.76955,60.15431],[24.76906,60.15625],[24.76775,60.1562],[24.76882,60.15645],[24.76435,60.15764],[24.75738,60.16132],[24.75464,60.16362],[24.754,60.16497],[24.75738,60.16143],[24.76461,60.15774],[24.77112,60.15775],[24.77234,60.1568],[24.77078,60.15553],[24.77347,60.15481],[24.77029,60.15353],[24.76892,60.15395],[24.76955,60.15431]]],[[[24.8085,60.15362],[24.80364,60.15434],[24.80222,60.15645],[24.80652,60.15801],[24.8096,60.15787],[24.80732,60.15615],[24.80514,60.15612],[24.80878,60.15508],[24.80944,60.15425],[24.8085,60.15362]]],[[[24.84527,60.15596],[24.84312,60.15537],[24.84095,60.15703],[24.8424,60.15761],[24.84527,60.15596]]],[[[24.81242,60.15842],[24.80994,60.15859],[24.80836,60.15958],[24.80965,60.16039],[24.81173,60.15988],[24.81242,60.15842]]],[[[24.81829,60.1607],[24.8161,60.16088],[24.81556,60.1617],[24.81829,60.1607]]],[[[24.81496,60.17077],[24.81355,60.17178],[24.81574,60.17138],[24.81463,60.17542],[24.81846,60.17449],[24.81845,60.17549],[24.82244,60.17621],[24.8224,60.17295],[24.82058,60.1709],[24.82116,60.17006],[24.81496,60.17077]],[[24.8212,60.17487],[24.82075,60.17405],[24.82172,60.17447],[24.8212,60.17487]]],[[[24.84409,60.17254],[24.84301,60.17396],[24.8447,60.17278],[24.84409,60.17254]]],[[[24.76226,60.18029],[24.76154,60.17533],[24.76021,60.17425],[24.76127,60.17535],[24.76123,60.17893],[24.76226,60.18029]]],[[[24.80571,60.17709],[24.80739,60.1783],[24.80784,60.17753],[24.80571,60.17709]]],[[[24.81473,60.19642],[24.82556,60.19964],[24.82678,60.20213],[24.82959,60.20308],[24.82903,60.205],[24.83004,60.20585],[24.83407,60.20569],[24.83679,60.20664],[24.83974,60.20489],[24.84451,60.20568],[24.84781,60.20481],[24.84429,60.20446],[24.84717,60.20246],[24.84961,60.20429],[24.85192,60.20394],[24.85159,60.20309],[24.8543,60.20133],[24.86786,60.19679],[24.87123,60.19418],[24.87147,60.19107],[24.87336,60.19039],[24.87372,60.18815],[24.86913,60.18785],[24.8693,60.18963],[24.86849,60.18976],[24.86353,60.18795],[24.86084,60.18793],[24.85105,60.18415],[24.85838,60.18225],[24.85773,60.18138],[24.85535,60.18184],[24.85588,60.18239],[24.85475,60.18283],[24.85321,60.1824],[24.85139,60.18327],[24.85182,60.18222],[24.8481,60.18358],[24.84768,60.18233],[24.8437,60.18103],[24.83671,60.18021],[24.8353,60.18132],[24.83806,60.18325],[24.8381,60.18629],[24.84077,60.18857],[24.84052,60.19054],[24.83804,60.19229],[24.83816,60.1932],[24.83328,60.19167],[24.83074,60.19181],[24.82744,60.18962],[24.82512,60.1901],[24.8214,60.18881],[24.82055,60.18997],[24.81552,60.19161],[24.81489,60.19394],[24.81565,60.19464],[24.81439,60.19543],[24.81473,60.19642]]],[[[24.84484,60.2091],[24.84182,60.21094],[24.8412,60.21239],[24.83994,60.2129],[24.83668,60.21475],[24.84128,60.21245],[24.84198,60.21097],[24.84301,60.21112],[24.84411,60.2098],[24.84997,60.20968],[24.84947,60.20898],[24.85172,60.20806],[24.85155,60.20711],[24.84985,60.2068],[24.85177,60.20686],[24.85228,60.20532],[24.85554,60.20642],[24.85351,60.20484],[24.84458,60.20605],[24.84188,60.20685],[24.84204,60.20824],[24.84484,60.2091]]],[[[24.84158,60.21686],[24.83726,60.21646],[24.84153,60.2161],[24.83711,60.21625],[24.8371,60.21666],[24.83768,60.21693],[24.84158,60.21686]]],[[[24.79835,60.25889],[24.79508,60.2601],[24.80051,60.26163],[24.8018,60.25921],[24.79835,60.25889]]],[[[24.79011,60.30303],[24.79127,60.30122],[24.79106,60.301],[24.78994,60.30207],[24.79011,60.30303]]],[[[24.76908,60.30491],[24.77197,60.30231],[24.76933,60.30246],[24.76908,60.30491]]],[[[24.78212,60.30922],[24.78346,60.30822],[24.78164,60.30904],[24.78212,60.30922]]],[[[24.77592,60.3106],[24.7746,60.31331],[24.77496,60.31447],[24.77561,60.31488],[24.77724,60.31487],[24.77745,60.31569],[24.77763,60.31485],[24.77556,60.31473],[24.77477,60.31359],[24.77544,60.31277],[24.77592,60.3106]]],[[[24.80532,60.31935],[24.80652,60.31888],[24.8066,60.31835],[24.80542,60.31801],[24.80532,60.31935]]],[[[24.80058,60.32165],[24.8021,60.3216],[24.8023,60.32074],[24.80058,60.32165]]],[[[24.82273,60.34692],[24.82071,60.34389],[24.82017,60.34362],[24.81685,60.34413],[24.81351,60.34261],[24.81244,60.34241],[24.80119,60.34256],[24.80016,60.34273],[24.79545,60.34508],[24.79279,60.34684],[24.78687,60.34802],[24.79271,60.34697],[24.80048,60.34272],[24.81238,60.34249],[24.8168,60.34425],[24.82037,60.34378],[24.8229,60.34729],[24.8217,60.34928],[24.82233,60.34953],[24.82537,60.34935],[24.8271,60.34978],[24.82698,60.35067],[24.83012,60.35282],[24.8309,60.35517],[24.83143,60.35557],[24.83339,60.35561],[24.83455,60.35498],[24.83645,60.35538],[24.83837,60.35497],[24.84002,60.35557],[24.84195,60.35534],[24.86448,60.36039],[24.86602,60.36044],[24.86868,60.35964],[24.87008,60.35983],[24.86759,60.36137],[24.86829,60.36298],[24.86583,60.36482],[24.86695,60.36602],[24.86657,60.36772],[24.8672,60.36961],[24.86512,60.37092],[24.86482,60.37141],[24.86497,60.37172],[24.86559,60.37191],[24.8685,60.37115],[24.87003,60.37234],[24.86791,60.3732],[24.86766,60.37366],[24.86803,60.37407],[24.86955,60.37468],[24.87071,60.37476],[24.87168,60.37455],[24.87242,60.374],[24.87322,60.3739],[24.87487,60.37526],[24.87699,60.37865],[24.87676,60.38206],[24.87527,60.38347],[24.87613,60.38414],[24.87545,60.38351],[24.87694,60.38205],[24.8771,60.37845],[24.87512,60.37534],[24.87331,60.37383],[24.8724,60.3739],[24.87086,60.37469],[24.86818,60.374],[24.86808,60.37323],[24.87024,60.37238],[24.86879,60.37113],[24.86773,60.37099],[24.86561,60.37179],[24.86505,60.37143],[24.86736,60.3697],[24.86712,60.36597],[24.86605,60.36476],[24.86851,60.36311],[24.86781,60.36143],[24.87048,60.35985],[24.86858,60.35954],[24.86458,60.3603],[24.84944,60.35637],[24.83861,60.35483],[24.8346,60.35484],[24.83158,60.3555],[24.82996,60.3524],[24.82723,60.35062],[24.82739,60.34975],[24.82565,60.34927],[24.82198,60.34914],[24.82327,60.3472],[24.82617,60.34648],[24.82795,60.34503],[24.82777,60.34207],[24.83127,60.34088],[24.84502,60.34408],[24.85549,60.3436],[24.85744,60.3449],[24.85979,60.34536],[24.86441,60.34466],[24.86558,60.34406],[24.85957,60.34514],[24.85549,60.34334],[24.84496,60.34383],[24.83223,60.34066],[24.83032,60.3408],[24.8276,60.34185],[24.82702,60.34293],[24.82782,60.34459],[24.82612,60.34622],[24.82273,60.34692]]],[[[24.92462,60.11682],[24.92145,60.11676],[24.92043,60.11769],[24.92437,60.11798],[24.92462,60.11682]]],[[[24.93277,60.11901],[24.9314,60.11935],[24.93315,60.11966],[24.93277,60.11901]]],[[[24.94636,60.12094],[24.9454,60.12001],[24.9444,60.12066],[24.94494,60.12095],[24.94636,60.12094]]],[[[24.8696,60.12043],[24.86857,60.12193],[24.86868,60.12273],[24.86968,60.12227],[24.8696,60.12043]]],[[[24.92539,60.12228],[24.92676,60.1211],[24.92455,60.122],[24.92539,60.12228]]],[[[24.95634,60.122],[24.95847,60.12313],[24.95919,60.12251],[24.95634,60.122]]],[[[24.86535,60.12761],[24.86334,60.12701],[24.86274,60.12764],[24.86458,60.12827],[24.86535,60.12761]]],[[[24.95557,60.12796],[24.95834,60.12751],[24.95848,60.12725],[24.95557,60.12796]]],[[[24.92557,60.12781],[24.92704,60.12838],[24.92841,60.12769],[24.92699,60.12712],[24.92557,60.12781]]],[[[24.88936,60.13518],[24.89289,60.13431],[24.8963,60.12923],[24.89346,60.12871],[24.8921,60.12911],[24.8928,60.13004],[24.89049,60.13035],[24.88711,60.12932],[24.88685,60.12826],[24.8855,60.12837],[24.88343,60.12653],[24.8807,60.12874],[24.88239,60.13081],[24.88497,60.13171],[24.88477,60.13288],[24.88609,60.13357],[24.88577,60.13465],[24.8869,60.13609],[24.8885,60.13659],[24.88936,60.13518]]],[[[24.91777,60.13986],[24.91878,60.13858],[24.91717,60.13577],[24.91382,60.13571],[24.91156,60.13684],[24.91097,60.13565],[24.90949,60.13681],[24.91322,60.14024],[24.91777,60.13986]]],[[[24.92255,60.13742],[24.91933,60.14038],[24.9202,60.13959],[24.9216,60.14003],[24.91892,60.1407],[24.9197,60.14146],[24.92366,60.14092],[24.92255,60.13742]]],[[[24.88877,60.13663],[24.89335,60.14961],[24.89566,60.15043],[24.90457,60.15057],[24.91422,60.14763],[24.91521,60.14246],[24.90916,60.13729],[24.89412,60.13339],[24.89298,60.1346],[24.88877,60.13663]]],[[[24.89029,60.14289],[24.8896,60.14384],[24.89087,60.14321],[24.89029,60.14289]]],[[[24.85091,60.14714],[24.84976,60.14697],[24.84796,60.14767],[24.84936,60.14815],[24.85091,60.14714]]],[[[24.9545,60.1519],[24.95596,60.15236],[24.95919,60.15116],[24.96064,60.14856],[24.9587,60.14838],[24.95565,60.14974],[24.9545,60.1519]]],[[[24.94645,60.15227],[24.95001,60.1506],[24.94506,60.15204],[24.94645,60.15227]]],[[[24.95375,60.15227],[24.95312,60.15158],[24.94984,60.15134],[24.95139,60.15213],[24.95375,60.15227]]],[[[24.91493,60.15265],[24.91316,60.15131],[24.91201,60.15178],[24.91493,60.15265]]],[[[24.94126,60.15174],[24.9423,60.15296],[24.94514,60.15193],[24.9426,60.15134],[24.93988,60.15152],[24.93924,60.15227],[24.93949,60.1528],[24.93994,60.15284],[24.9397,60.15177],[24.94126,60.15174]]],[[[24.95327,60.15243],[24.95136,60.15349],[24.95505,60.15334],[24.95327,60.15243]]],[[[24.92363,60.1554],[24.92283,60.16182],[24.93034,60.15994],[24.93113,60.15874],[24.92871,60.15924],[24.92958,60.15842],[24.92858,60.15829],[24.9262,60.1596],[24.92817,60.15829],[24.92514,60.15863],[24.92686,60.1575],[24.92567,60.157],[24.92652,60.15645],[24.92628,60.15534],[24.92363,60.1554]]],[[[24.91392,60.16183],[24.90495,60.1584],[24.90598,60.15928],[24.90437,60.15877],[24.90354,60.15997],[24.91392,60.16183]]],[[[24.89792,60.16693],[24.89757,60.16603],[24.90136,60.16456],[24.8989,60.16371],[24.90347,60.15999],[24.89447,60.15866],[24.89397,60.15963],[24.89483,60.1601],[24.89361,60.16075],[24.8949,60.16162],[24.89246,60.16293],[24.89272,60.16388],[24.88548,60.16496],[24.89792,60.16693]]],[[[24.89812,60.16707],[24.89924,60.17096],[24.90084,60.17055],[24.90053,60.17176],[24.90349,60.17195],[24.90701,60.17034],[24.9126,60.17057],[24.91617,60.16922],[24.91491,60.16809],[24.91098,60.16883],[24.91009,60.16705],[24.90263,60.16787],[24.89812,60.16707]],[[24.90791,60.16766],[24.908,60.16752],[24.90805,60.16753],[24.90791,60.16766]],[[24.90779,60.16764],[24.90726,60.16789],[24.90732,60.16751],[24.90779,60.16764]],[[24.9005,60.17053],[24.90058,60.17019],[24.90089,60.17039],[24.9005,60.17053]],[[24.9003,60.17011],[24.90044,60.17003],[24.90052,60.17005],[24.9003,60.17011]]],[[[24.86569,60.17112],[24.86767,60.17141],[24.86921,60.17058],[24.86625,60.17059],[24.86569,60.17112]]],[[[24.86446,60.17335],[24.86735,60.17284],[24.86996,60.17356],[24.87068,60.171],[24.86485,60.17253],[24.86446,60.17335]]],[[[24.88406,60.17168],[24.88433,60.17297],[24.88531,60.17229],[24.88406,60.17168]]],[[[24.85835,60.17436],[24.86103,60.17525],[24.86346,60.17347],[24.86283,60.17223],[24.86,60.1717],[24.85888,60.17227],[24.85835,60.17436]]],[[[24.94558,60.17756],[24.94993,60.17662],[24.9522,60.17701],[24.9521,60.17803],[24.96231,60.17787],[24.96083,60.17628],[24.94765,60.17609],[24.94134,60.1777],[24.93975,60.17994],[24.94674,60.18024],[24.9473,60.17934],[24.94474,60.1786],[24.94558,60.17756]]],[[[24.91097,60.17836],[24.91355,60.1771],[24.91407,60.17599],[24.91176,60.17557],[24.90752,60.1773],[24.91097,60.17836]]],[[[24.93542,60.1774],[24.93248,60.17732],[24.93097,60.17858],[24.93254,60.18446],[24.93543,60.18445],[24.93577,60.18202],[24.93822,60.18018],[24.9384,60.17938],[24.93722,60.17934],[24.93542,60.1774]]],[[[24.88762,60.18485],[24.88784,60.18306],[24.89085,60.18173],[24.88822,60.18145],[24.88936,60.17995],[24.8871,60.17991],[24.88924,60.17766],[24.8877,60.17755],[24.88858,60.17607],[24.88307,60.17633],[24.87986,60.17782],[24.88089,60.17897],[24.88033,60.18032],[24.88119,60.18063],[24.87875,60.18135],[24.87865,60.18251],[24.88204,60.18454],[24.88163,60.1859],[24.88468,60.18646],[24.88762,60.18485]]],[[[24.87374,60.19803],[24.87193,60.19922],[24.87456,60.19848],[24.87374,60.19803]]],[[[24.89002,60.20137],[24.89321,60.2024],[24.89202,60.20168],[24.89153,60.19946],[24.89236,60.19814],[24.88936,60.19593],[24.88783,60.19608],[24.89002,60.20137]],[[24.89007,60.19763],[24.89016,60.19768],[24.89006,60.19767],[24.89007,60.19763]]],[[[24.86608,60.23731],[24.86372,60.24026],[24.86919,60.24279],[24.86486,60.23969],[24.86594,60.23811],[24.86608,60.23731]],[[24.86438,60.23967],[24.86466,60.23985],[24.8643,60.23994],[24.86438,60.23967]]],[[[24.90134,60.26204],[24.90114,60.26058],[24.89884,60.26013],[24.89799,60.26094],[24.90134,60.26204]],[[24.90035,60.26045],[24.90038,60.26053],[24.90024,60.26051],[24.90035,60.26045]]],[[[24.88222,60.2694],[24.87975,60.27078],[24.87988,60.27105],[24.88227,60.27112],[24.88158,60.27057],[24.88222,60.2694]]],[[[24.899,60.26877],[24.88689,60.26753],[24.88488,60.26898],[24.88356,60.27149],[24.88108,60.27157],[24.88014,60.27226],[24.88361,60.27615],[24.8841,60.28033],[24.88804,60.2882],[24.8878,60.29103],[24.87441,60.29396],[24.86918,60.29366],[24.86803,60.29225],[24.86599,60.29227],[24.86504,60.29253],[24.86578,60.29367],[24.86442,60.29444],[24.86539,60.29505],[24.86499,60.29654],[24.86347,60.2969],[24.86285,60.29772],[24.86389,60.29864],[24.87685,60.30454],[24.88533,60.31345],[24.89656,60.31884],[24.89846,60.32338],[24.89649,60.32523],[24.89371,60.33032],[24.89286,60.33508],[24.88888,60.33746],[24.88897,60.33999],[24.88506,60.34098],[24.87244,60.34157],[24.86761,60.34245],[24.86695,60.34325],[24.87215,60.34182],[24.88648,60.34103],[24.88922,60.34021],[24.88996,60.33908],[24.8892,60.33757],[24.89332,60.33494],[24.89399,60.33051],[24.8988,60.32357],[24.89674,60.31864],[24.88539,60.31323],[24.87719,60.30443],[24.86352,60.29772],[24.86531,60.29665],[24.86635,60.29396],[24.86613,60.29353],[24.86743,60.29267],[24.86898,60.29385],[24.87356,60.2944],[24.88829,60.29113],[24.8887,60.28841],[24.88447,60.27997],[24.88414,60.27627],[24.88067,60.27232],[24.88403,60.27169],[24.88575,60.26854],[24.88711,60.26789],[24.89834,60.26882],[24.91177,60.27207],[24.92006,60.27322],[24.92453,60.27497],[24.9316,60.27513],[24.94267,60.27775],[24.94378,60.27874],[24.94498,60.27913],[24.95277,60.2783],[24.95377,60.27699],[24.95653,60.27642],[24.95613,60.27275],[24.95989,60.26976],[24.96073,60.26824],[24.9709,60.26482],[24.9752,60.26489],[24.97575,60.26664],[24.97797,60.2678],[24.97547,60.2696],[24.97737,60.27393],[24.98067,60.27595],[24.98077,60.27749],[24.98246,60.27923],[24.98372,60.2799],[24.98965,60.27985],[24.99315,60.28124],[24.99565,60.28153],[25.00053,60.28664],[25.00347,60.28656],[25.00564,60.28621],[25.00876,60.28788],[25.01112,60.28784],[25.01181,60.28744],[25.01584,60.28902],[25.02117,60.28939],[25.02668,60.28756],[25.0292,60.28574],[25.03357,60.28503],[25.03438,60.28538],[25.03389,60.28626],[25.03525,60.28733],[25.03755,60.28768],[25.03807,60.28881],[25.04149,60.28988],[25.04429,60.28948],[25.04891,60.29154],[25.0512,60.29084],[25.05456,60.28876],[25.05533,60.28876],[25.05806,60.28977],[25.05956,60.29091],[25.06185,60.29176],[25.06497,60.29508],[25.0705,60.29888],[25.07147,60.2993],[25.07161,60.30033],[25.07065,60.30044],[25.06992,60.30098],[25.06936,60.3027],[25.06766,60.30266],[25.06598,60.30359],[25.06616,60.30392],[25.06695,60.30416],[25.06805,60.30415],[25.06625,60.30357],[25.06951,60.3028],[25.07014,60.30102],[25.07186,60.30035],[25.07162,60.29923],[25.06537,60.29516],[25.06218,60.29182],[25.05852,60.28981],[25.05549,60.28868],[25.05413,60.28873],[25.04852,60.29135],[25.04464,60.28922],[25.03831,60.28865],[25.03768,60.28749],[25.03531,60.28704],[25.03448,60.2852],[25.03279,60.28486],[25.029,60.28562],[25.02154,60.28919],[25.01584,60.28886],[25.01209,60.28719],[25.00873,60.28767],[25.00587,60.28598],[25.00073,60.28644],[24.99558,60.28125],[24.98955,60.27963],[24.9823,60.2788],[24.98052,60.27545],[24.97756,60.27381],[24.97725,60.27174],[24.97565,60.26986],[24.97823,60.26768],[24.97589,60.26653],[24.97572,60.26488],[24.97344,60.2643],[24.97328,60.263],[24.97864,60.25342],[24.97799,60.25165],[24.97514,60.24962],[24.97196,60.24237],[24.97425,60.24064],[24.98308,60.23848],[24.9883,60.23614],[24.98982,60.23366],[24.98982,60.23043],[24.98395,60.22656],[24.98359,60.22402],[24.97971,60.22028],[24.98027,60.21783],[24.98296,60.21693],[24.98286,60.21679],[24.98033,60.21753],[24.98112,60.21657],[24.98021,60.21675],[24.97897,60.21837],[24.97904,60.22041],[24.983,60.22443],[24.98226,60.22729],[24.98586,60.22802],[24.98891,60.23051],[24.98935,60.23311],[24.98717,60.23621],[24.98189,60.23846],[24.97431,60.24015],[24.97153,60.24201],[24.97449,60.24981],[24.97739,60.25186],[24.97783,60.25409],[24.97255,60.26413],[24.96012,60.26822],[24.95553,60.27291],[24.95599,60.27626],[24.95342,60.27679],[24.95198,60.27816],[24.94685,60.27827],[24.94537,60.27769],[24.94402,60.27785],[24.93975,60.27644],[24.93402,60.27513],[24.92469,60.27465],[24.92086,60.27297],[24.91273,60.27187],[24.90776,60.27011],[24.90591,60.27017],[24.899,60.26877]],[[24.94451,60.27834],[24.94343,60.27833],[24.94329,60.27782],[24.94451,60.27834]],[[24.90874,60.27066],[24.90924,60.27086],[24.90853,60.27079],[24.90874,60.27066]],[[24.90842,60.27057],[24.90734,60.27067],[24.90676,60.27038],[24.90842,60.27057]],[[24.90773,60.27078],[24.90787,60.2708],[24.9076,60.2708],[24.90773,60.27078]],[[24.94452,60.27794],[24.94468,60.27779],[24.94483,60.27786],[24.94452,60.27794]],[[24.94426,60.27811],[24.9444,60.27807],[24.94441,60.27816],[24.94426,60.27811]],[[24.94145,60.27723],[24.94078,60.27699],[24.94069,60.27697],[24.94089,60.27698],[24.94145,60.27723]],[[24.94067,60.27685],[24.94035,60.27669],[24.94069,60.27681],[24.94067,60.27685]],[[24.94022,60.27671],[24.94007,60.27677],[24.93997,60.27669],[24.94022,60.27671]],[[24.86749,60.29236],[24.86691,60.29239],[24.86654,60.29234],[24.86749,60.29236]],[[24.86563,60.29387],[24.86562,60.29434],[24.86537,60.29414],[24.86563,60.29387]],[[24.86479,60.29446],[24.86515,60.29431],[24.86569,60.29467],[24.86479,60.29446]],[[24.98129,60.21745],[24.98129,60.21738],[24.98141,60.2174],[24.98129,60.21745]],[[24.98563,60.27971],[24.98546,60.27982],[24.98546,60.27977],[24.98563,60.27971]],[[24.98517,60.27964],[24.98506,60.27933],[24.98549,60.27955],[24.98517,60.27964]],[[24.9853,60.27978],[24.9852,60.27975],[24.98536,60.27977],[24.9853,60.27978]],[[24.98477,60.27965],[24.98502,60.27963],[24.98503,60.27965],[24.98477,60.27965]],[[24.98443,60.27929],[24.98473,60.27937],[24.98428,60.2794],[24.98443,60.27929]],[[24.98426,60.27967],[24.9836,60.27944],[24.98465,60.27963],[24.98426,60.27967]],[[24.98435,60.27928],[24.98431,60.27922],[24.98451,60.27924],[24.98435,60.27928]],[[24.98398,60.27916],[24.98407,60.27934],[24.98378,60.27934],[24.98398,60.27916]],[[25.04467,60.2895],[25.0444,60.28937],[25.04406,60.28924],[25.0445,60.28929],[25.04467,60.2895]],[[25.04353,60.28929],[25.04401,60.28922],[25.04406,60.28927],[25.04353,60.28929]],[[25.03431,60.28633],[25.03399,60.28612],[25.0343,60.28602],[25.03431,60.28633]]],[[[24.89002,60.2769],[24.88844,60.28014],[24.89057,60.28146],[24.89479,60.28152],[24.89947,60.27942],[24.89913,60.27592],[24.89708,60.27539],[24.89687,60.27414],[24.89306,60.27199],[24.89129,60.27224],[24.88905,60.27411],[24.88883,60.27549],[24.89002,60.2769]]],[[[24.95418,60.3029],[24.95326,60.30253],[24.95165,60.30362],[24.95302,60.30355],[24.95418,60.3029]]],[[[24.89163,60.30426],[24.89234,60.30322],[24.89127,60.30291],[24.88916,60.30407],[24.89163,60.30426]]],[[[24.90382,60.35439],[24.90311,60.35342],[24.90183,60.35331],[24.90192,60.35429],[24.90382,60.35439]],[[24.90264,60.35391],[24.90227,60.35375],[24.90266,60.35384],[24.90264,60.35391]]],[[[24.95722,60.35622],[24.9554,60.35456],[24.9535,60.35498],[24.95551,60.35543],[24.95477,60.35583],[24.95473,60.35644],[24.95722,60.35622]],[[24.95563,60.35585],[24.95571,60.35599],[24.95556,60.35593],[24.95563,60.35585]],[[24.95534,60.35574],[24.95524,60.35589],[24.95508,60.3558],[24.95534,60.35574]]],[[[24.99154,60.11378],[24.98737,60.11165],[24.98682,60.1118],[24.98789,60.11336],[24.99154,60.11378]]],[[[24.96235,60.12073],[24.9611,60.11988],[24.9597,60.12044],[24.96235,60.12073]]],[[[24.95799,60.12522],[24.96166,60.12598],[24.96282,60.12489],[24.95799,60.12522]]],[[[25.01717,60.1307],[25.01457,60.13066],[25.01392,60.13103],[25.01717,60.1307]]],[[[24.99378,60.13056],[24.99396,60.13187],[24.99508,60.13122],[24.99378,60.13056]]],[[[25.00009,60.13775],[25.00312,60.1386],[25.0033,60.13843],[25.00009,60.13775]]],[[[25.03715,60.14031],[25.0362,60.13897],[25.03471,60.13942],[25.03438,60.14055],[25.03715,60.14031]]],[[[24.9894,60.1413],[24.99062,60.13781],[24.98553,60.13787],[24.98347,60.13992],[24.985,60.14122],[24.98197,60.14107],[24.98052,60.14223],[24.98074,60.14392],[24.97874,60.14379],[24.9777,60.14542],[24.97977,60.1451],[24.98049,60.14651],[24.98643,60.14549],[24.99013,60.14208],[24.98713,60.1413],[24.9894,60.1413]]],[[[24.98155,60.14792],[24.98409,60.14935],[24.99026,60.14902],[24.99222,60.14821],[24.9923,60.14706],[24.99127,60.14831],[24.99137,60.14712],[24.9941,60.14366],[24.99027,60.14313],[24.98725,60.14558],[24.98163,60.14704],[24.98155,60.14792]]],[[[24.97849,60.14779],[24.97654,60.14551],[24.97418,60.14593],[24.97334,60.14681],[24.97443,60.14745],[24.97106,60.1482],[24.97252,60.14931],[24.97526,60.14884],[24.97648,60.14963],[24.97653,60.14835],[24.97849,60.14779]]],[[[24.96304,60.14837],[24.96192,60.14779],[24.96095,60.14847],[24.96304,60.14837]]],[[[24.97897,60.14801],[24.97811,60.1504],[24.97948,60.15112],[24.98187,60.1501],[24.97998,60.14803],[24.97897,60.14801]]],[[[24.9655,60.14924],[24.96576,60.15152],[24.96731,60.15127],[24.96719,60.14934],[24.9655,60.14924]]],[[[25.01194,60.15028],[25.00982,60.15215],[25.01189,60.15632],[25.01761,60.15377],[25.01418,60.15022],[25.01194,60.15028]]],[[[24.98866,60.15438],[24.99028,60.15504],[24.99137,60.15393],[24.9902,60.15368],[24.98866,60.15438]]],[[[25.02419,60.15633],[25.02624,60.15718],[25.02639,60.15594],[25.02482,60.15554],[25.02419,60.15633]]],[[[25.01162,60.15667],[25.01019,60.15589],[25.0099,60.15666],[25.01162,60.15667]]],[[[24.97568,60.15725],[24.97493,60.15645],[24.97403,60.1573],[24.97459,60.15768],[24.97568,60.15725]]],[[[25.01214,60.1498],[25.02491,60.14478],[25.02096,60.13833],[25.00746,60.14066],[24.99757,60.14092],[24.99411,60.14478],[24.99245,60.14831],[24.99158,60.15412],[24.9828,60.16198],[24.98087,60.16751],[24.98989,60.17206],[24.98959,60.17413],[24.99414,60.17592],[24.99786,60.17941],[25.00241,60.18],[25.01333,60.17901],[25.01521,60.17564],[25.01065,60.172],[25.00906,60.16922],[25.01114,60.16148],[25.00972,60.15653],[25.00964,60.1516],[25.01214,60.1498]]],[[[24.96406,60.16015],[24.9671,60.15948],[24.96607,60.15884],[24.96372,60.15927],[24.96406,60.16015]]],[[[24.97126,60.16007],[24.97222,60.16008],[24.97298,60.15928],[24.97194,60.15934],[24.97126,60.16007]]],[[[25.02241,60.16059],[25.02297,60.16098],[25.02017,60.16256],[25.0233,60.16138],[25.02486,60.15888],[25.02241,60.16059]]],[[[24.96345,60.16134],[24.96629,60.16218],[24.96703,60.16053],[24.96345,60.16134]]],[[[25.02155,60.16332],[25.02388,60.16266],[25.02506,60.16166],[25.02155,60.16332]]],[[[24.97296,60.18036],[24.97801,60.17885],[24.9728,60.18022],[24.97068,60.17815],[24.96672,60.17957],[24.97444,60.18383],[24.97631,60.18321],[24.97296,60.18036]]],[[[24.97858,60.17969],[24.97987,60.18256],[24.98357,60.18167],[24.9809,60.1807],[24.98092,60.17985],[24.97858,60.17969]]],[[[25.03751,60.18251],[25.03649,60.18382],[25.04157,60.18406],[25.04669,60.18304],[25.04691,60.18203],[25.04565,60.18215],[25.04669,60.18107],[25.04538,60.18024],[25.03955,60.17944],[25.03617,60.18142],[25.03751,60.18251]]],[[[25.00842,60.18179],[25.00898,60.1826],[25.01069,60.18217],[25.00907,60.18137],[25.00842,60.18179]]],[[[24.96269,60.18164],[24.96541,60.18346],[24.9666,60.18308],[24.96474,60.18122],[24.96269,60.18164]]],[[[24.99303,60.18492],[24.99673,60.18341],[25.00715,60.18114],[25.00136,60.181],[24.99603,60.1827],[24.98931,60.18318],[24.99303,60.18492]],[[25.00231,60.1815],[25.00318,60.18115],[25.00361,60.18144],[25.0031,60.18179],[25.00231,60.1815]]],[[[25.03578,60.18486],[25.03846,60.18581],[25.04124,60.18554],[25.03578,60.18486]]],[[[25.04194,60.18568],[25.04808,60.18874],[25.04747,60.19083],[25.04923,60.19216],[25.0614,60.1936],[25.06444,60.19588],[25.06571,60.1962],[25.06592,60.1962],[25.06203,60.19354],[25.05589,60.19197],[25.04978,60.19193],[25.04797,60.19072],[25.04835,60.18984],[25.05122,60.18908],[25.06062,60.18955],[25.05793,60.18772],[25.04194,60.18568]]],[[[25.0245,60.18569],[25.031,60.18793],[25.02675,60.18444],[25.0245,60.18569]]],[[[24.9873,60.18647],[24.98438,60.18526],[24.98256,60.18612],[24.98379,60.1866],[24.98308,60.18671],[24.98412,60.18744],[24.98336,60.18766],[24.98513,60.18772],[24.98557,60.18861],[24.98179,60.18966],[24.9854,60.18927],[24.98407,60.19255],[24.98671,60.1931],[24.98481,60.19343],[24.98456,60.1971],[24.98062,60.19864],[24.98003,60.20108],[24.97756,60.20216],[24.98279,60.20607],[24.98274,60.21087],[24.98415,60.21253],[24.98119,60.21582],[24.98553,60.21544],[24.98445,60.21369],[24.98888,60.2114],[24.989,60.20558],[24.99212,60.20778],[24.99572,60.20764],[24.99487,60.20694],[24.99555,60.20657],[24.99388,60.20635],[24.99246,60.20427],[24.99279,60.20284],[24.99395,60.20257],[24.99596,60.20268],[24.99569,60.20452],[24.99654,60.20573],[25.00145,60.20668],[25.00466,60.20893],[25.00275,60.20904],[25.00406,60.21404],[25.00267,60.21515],[25.00516,60.21612],[25.00382,60.21507],[25.00472,60.21435],[25.00869,60.21492],[25.02236,60.21397],[25.01851,60.21149],[25.02178,60.20928],[25.02451,60.20969],[25.0253,60.20773],[25.02414,60.20724],[25.02444,60.20611],[25.01739,60.20549],[25.01964,60.20268],[25.02544,60.20178],[25.02422,60.19487],[25.02298,60.19473],[25.02068,60.19752],[25.0183,60.19871],[25.01384,60.19874],[25.01298,60.19948],[25.01033,60.19879],[25.01078,60.19814],[25.0098,60.19719],[25.00703,60.19712],[25.00405,60.19845],[24.99835,60.19642],[25.00505,60.19508],[25.00565,60.19406],[25.00977,60.19356],[25.01852,60.19013],[25.02335,60.19107],[25.02581,60.188],[25.01795,60.18802],[25.01652,60.18882],[25.01902,60.18929],[25.01681,60.1904],[25.01058,60.19138],[25.00224,60.18994],[25.00155,60.19057],[25.00234,60.19172],[25.00108,60.19194],[24.999,60.19107],[25.00274,60.18915],[24.99884,60.18908],[24.99617,60.1869],[24.99224,60.18734],[24.99169,60.18615],[24.9873,60.18647]],[[25.00354,60.19179],[25.00412,60.19244],[25.00296,60.19229],[25.00354,60.19179]]],[[[24.97741,60.20217],[24.97474,60.20125],[24.97221,60.201],[24.97288,60.20173],[24.97469,60.20127],[24.97741,60.20217]],[[24.97318,60.20159],[24.97297,60.2013],[24.97334,60.20148],[24.97318,60.20159]]],[[[24.99605,60.2143],[24.99704,60.21438],[24.99343,60.21266],[24.9971,60.21352],[24.99666,60.21191],[24.99331,60.21255],[24.99328,60.21553],[24.99495,60.21592],[24.99605,60.2143]]],[[[24.98937,60.21705],[24.99282,60.22064],[24.99412,60.22177],[24.99481,60.22192],[24.98937,60.21705]]],[[[25.01925,60.31346],[25.01799,60.31313],[25.01848,60.315],[25.01921,60.3146],[25.01925,60.31346]],[[25.01876,60.31436],[25.01895,60.31398],[25.01906,60.3141],[25.01876,60.31436]]],[[[25.02949,60.31515],[25.0294,60.31596],[25.02991,60.31524],[25.02949,60.31515]]],[[[24.99077,60.31631],[24.99133,60.31538],[24.99045,60.3156],[24.99077,60.31631]]],[[[24.98745,60.31685],[24.98767,60.31567],[24.9861,60.31637],[24.98652,60.31687],[24.98745,60.31685]]],[[[25.02901,60.31673],[25.02815,60.31681],[25.02752,60.31709],[25.02901,60.31673]]],[[[24.98749,60.32007],[24.98705,60.31915],[24.98625,60.32011],[24.98749,60.32007]]],[[[24.9713,60.33089],[24.97048,60.33034],[24.9694,60.3313],[24.97064,60.33162],[24.9713,60.33089]]],[[[25.06207,60.13367],[25.05869,60.13366],[25.06292,60.13402],[25.06207,60.13367]]],[[[25.07601,60.13452],[25.07343,60.13402],[25.07203,60.13477],[25.07601,60.13452]]],[[[25.07156,60.13927],[25.0705,60.13919],[25.06932,60.13982],[25.07102,60.14014],[25.07156,60.13927]]],[[[25.07701,60.13934],[25.0749,60.13963],[25.07412,60.14062],[25.07611,60.14044],[25.07701,60.13934]]],[[[25.08865,60.14249],[25.08762,60.14338],[25.08839,60.14414],[25.09495,60.14246],[25.09425,60.14175],[25.09317,60.14272],[25.08865,60.14249]]],[[[25.1125,60.14649],[25.10885,60.14661],[25.11491,60.14831],[25.11768,60.14782],[25.1125,60.14649]]],[[[25.07409,60.1497],[25.07643,60.14835],[25.06894,60.147],[25.06897,60.14815],[25.06635,60.14828],[25.07409,60.1497]]],[[[25.08872,60.14886],[25.08793,60.14838],[25.08302,60.14931],[25.08735,60.15028],[25.08872,60.14886]]],[[[25.10378,60.15057],[25.10482,60.15097],[25.10595,60.15069],[25.105,60.14989],[25.10378,60.15057]]],[[[25.09919,60.15132],[25.09588,60.1506],[25.09531,60.1508],[25.09793,60.15181],[25.09919,60.15132]]],[[[25.11304,60.15363],[25.1124,60.15299],[25.11435,60.15265],[25.10973,60.15226],[25.11032,60.1517],[25.10971,60.15155],[25.10692,60.15242],[25.10658,60.15351],[25.10777,60.15425],[25.10914,60.15261],[25.111,60.15313],[25.11035,60.15405],[25.11304,60.15363]]],[[[25.10507,60.15235],[25.10415,60.15294],[25.1031,60.15575],[25.10595,60.15457],[25.10627,60.153],[25.10507,60.15235]]],[[[25.0599,60.1571],[25.06083,60.15627],[25.05962,60.15545],[25.05937,60.15606],[25.0599,60.1571]]],[[[25.11116,60.15408],[25.10885,60.15541],[25.1104,60.15603],[25.10841,60.1569],[25.10665,60.1561],[25.10877,60.15433],[25.10321,60.15599],[25.10255,60.15578],[25.10273,60.15438],[25.0956,60.15396],[25.09296,60.15563],[25.09393,60.15726],[25.09561,60.15698],[25.09873,60.16004],[25.1019,60.1602],[25.10333,60.15928],[25.10285,60.15814],[25.10533,60.15848],[25.10631,60.15748],[25.10612,60.15887],[25.10808,60.15949],[25.10525,60.16136],[25.10744,60.16142],[25.10875,60.16249],[25.11707,60.16257],[25.12233,60.16179],[25.12259,60.16103],[25.12606,60.16183],[25.12736,60.16068],[25.12451,60.16],[25.12237,60.15832],[25.12217,60.15676],[25.12036,60.15605],[25.12355,60.15492],[25.12486,60.15647],[25.12681,60.15667],[25.1271,60.15617],[25.1305,60.15489],[25.12785,60.15335],[25.124,60.15284],[25.12258,60.15404],[25.12186,60.15311],[25.11664,60.15308],[25.11652,60.15247],[25.11366,60.15421],[25.11116,60.15408]]],[[[25.0515,60.15864],[25.05045,60.15973],[25.05437,60.1585],[25.0515,60.15864]]],[[[25.11426,60.17373],[25.11283,60.17216],[25.11285,60.17161],[25.11379,60.17066],[25.12495,60.16777],[25.12175,60.16401],[25.11615,60.16273],[25.10851,60.16264],[25.1051,60.16149],[25.10008,60.16457],[25.09714,60.16501],[25.09248,60.16932],[25.08635,60.17131],[25.08548,60.17275],[25.08629,60.17469],[25.08798,60.17552],[25.08901,60.17648],[25.09787,60.17622],[25.10268,60.17443],[25.10465,60.17409],[25.11426,60.17373]]],[[[25.06857,60.16973],[25.07237,60.16979],[25.07357,60.16927],[25.07113,60.16856],[25.06857,60.16973]]],[[[25.11488,60.17038],[25.11325,60.17215],[25.11932,60.17171],[25.12154,60.17101],[25.12214,60.16961],[25.12025,60.16945],[25.12103,60.16897],[25.11488,60.17038]]],[[[25.11911,60.17212],[25.11711,60.17223],[25.11662,60.17261],[25.11784,60.17287],[25.11911,60.17212]]],[[[25.11383,60.1744],[25.12003,60.17517],[25.12047,60.17431],[25.11881,60.17425],[25.11966,60.17346],[25.11891,60.17321],[25.11383,60.1744]]],[[[25.10426,60.1743],[25.1025,60.17526],[25.10507,60.17684],[25.10587,60.17489],[25.10426,60.1743]]],[[[25.10779,60.17628],[25.10923,60.1762],[25.11035,60.17556],[25.10962,60.17524],[25.10779,60.17628]]],[[[25.08366,60.17529],[25.0803,60.17788],[25.08354,60.17826],[25.0886,60.17767],[25.08737,60.17536],[25.08366,60.17529]]],[[[25.09876,60.17676],[25.0971,60.17678],[25.09678,60.17716],[25.09876,60.17676]]],[[[25.1024,60.17799],[25.10415,60.17833],[25.10584,60.1777],[25.10429,60.17721],[25.1024,60.17799]]],[[[25.08026,60.18135],[25.08162,60.17955],[25.07753,60.17969],[25.07727,60.17838],[25.07428,60.18015],[25.06887,60.17995],[25.06635,60.18154],[25.06701,60.18298],[25.0691,60.18358],[25.06691,60.18375],[25.06636,60.18533],[25.06906,60.18554],[25.0681,60.18677],[25.07112,60.18943],[25.07345,60.18882],[25.07734,60.18944],[25.07789,60.18837],[25.08417,60.18993],[25.0859,60.18878],[25.08692,60.18466],[25.08026,60.18135]],[[25.07959,60.18105],[25.07986,60.18103],[25.07975,60.18104],[25.07959,60.18105]],[[25.08019,60.1809],[25.08039,60.18085],[25.08025,60.18088],[25.08019,60.1809]]],[[[25.10445,60.17844],[25.09649,60.17729],[25.08302,60.17852],[25.0818,60.18],[25.08727,60.18449],[25.09274,60.18679],[25.10865,60.187],[25.11668,60.18516],[25.11733,60.18047],[25.11965,60.17557],[25.11396,60.17496],[25.10445,60.17844]]],[[[25.11631,60.18598],[25.12041,60.18675],[25.12187,60.18615],[25.11783,60.18514],[25.11631,60.18598]]],[[[25.07949,60.19113],[25.0811,60.19081],[25.08149,60.19047],[25.08025,60.18942],[25.07884,60.1901],[25.07949,60.19113]]],[[[25.07838,60.19123],[25.07634,60.19117],[25.07864,60.19299],[25.08056,60.19306],[25.07838,60.19123]]],[[[25.10719,60.19261],[25.10715,60.19479],[25.11171,60.19413],[25.10719,60.19261]]],[[[25.10316,60.19704],[25.10511,60.19585],[25.10226,60.19578],[25.10316,60.19704]]],[[[25.08578,60.19764],[25.08521,60.19703],[25.08367,60.19763],[25.08506,60.19792],[25.08578,60.19764]]],[[[25.09318,60.19723],[25.09078,60.19664],[25.08892,60.19766],[25.09143,60.19934],[25.0931,60.19845],[25.09318,60.19723]]],[[[25.08726,60.19872],[25.0886,60.19829],[25.08878,60.19767],[25.08725,60.19802],[25.08726,60.19872]]],[[[25.09798,60.20132],[25.09576,60.20463],[25.09777,60.20436],[25.098,60.20624],[25.1084,60.20749],[25.10808,60.20804],[25.10986,60.20842],[25.11175,60.21065],[25.11319,60.21363],[25.11529,60.21446],[25.11389,60.2133],[25.11643,60.21337],[25.11849,60.21491],[25.11743,60.21635],[25.11915,60.21598],[25.11848,60.21681],[25.12087,60.21793],[25.12044,60.21853],[25.12458,60.21949],[25.12065,60.21301],[25.11654,60.20961],[25.11448,60.20642],[25.10424,60.20117],[25.10205,60.1989],[25.09738,60.20063],[25.09798,60.20132]]],[[[25.08862,60.25948],[25.08751,60.26067],[25.08971,60.26023],[25.08862,60.25948]]],[[[25.06578,60.30582],[25.06731,60.30683],[25.06763,60.30599],[25.06578,60.30582]]],[[[25.06274,60.30741],[25.06472,60.30835],[25.06589,60.30816],[25.06274,60.30741]],[[25.06472,60.30793],[25.06498,60.30803],[25.06414,60.30803],[25.06472,60.30793]]],[[[25.06346,60.30924],[25.06528,60.30978],[25.06574,60.30903],[25.06346,60.30924]]],[[[25.08678,60.31363],[25.08363,60.31073],[25.0804,60.31044],[25.08332,60.3109],[25.08574,60.31345],[25.08678,60.31363]]],[[[25.11733,60.31069],[25.10995,60.31305],[25.11798,60.31289],[25.11666,60.31204],[25.11733,60.31069]]],[[[25.08626,60.32155],[25.08834,60.32514],[25.08945,60.32585],[25.08824,60.32674],[25.08818,60.32766],[25.09159,60.32809],[25.08857,60.32734],[25.08967,60.3259],[25.08626,60.32155]]],[[[25.09145,60.33234],[25.09176,60.33275],[25.09345,60.33337],[25.09706,60.33399],[25.10849,60.33432],[25.11227,60.33329],[25.10834,60.33407],[25.10243,60.3332],[25.10009,60.33329],[25.09762,60.33384],[25.09172,60.33246],[25.09287,60.3318],[25.09145,60.33234]],[[25.10001,60.3334],[25.10015,60.33363],[25.09938,60.33372],[25.10001,60.3334]],[[25.09982,60.33369],[25.09961,60.33385],[25.09934,60.33381],[25.09982,60.33369]]],[[[25.07307,60.35681],[25.07443,60.35606],[25.07317,60.35555],[25.07373,60.35524],[25.07334,60.35395],[25.07196,60.35236],[25.07153,60.35273],[25.07308,60.35591],[25.07372,60.3562],[25.07307,60.35681]],[[25.07318,60.35394],[25.07249,60.35395],[25.07244,60.35389],[25.07318,60.35394]],[[25.07245,60.35326],[25.07258,60.35322],[25.07265,60.35328],[25.07245,60.35326]],[[25.07199,60.35268],[25.07179,60.35288],[25.07171,60.35262],[25.07199,60.35268]]],[[[25.14887,60.13854],[25.14405,60.13885],[25.14664,60.13899],[25.14887,60.13854]]],[[[25.16283,60.14207],[25.15802,60.14159],[25.15718,60.14226],[25.16382,60.14295],[25.16283,60.14207]]],[[[25.18043,60.14567],[25.17797,60.14444],[25.17673,60.14488],[25.1794,60.14669],[25.18043,60.14567]]],[[[25.21639,60.14921],[25.21775,60.1495],[25.21745,60.1487],[25.21639,60.14921]]],[[[25.19893,60.14897],[25.1979,60.14905],[25.19872,60.1506],[25.1991,60.15045],[25.19893,60.14897]]],[[[25.12776,60.15782],[25.13214,60.15755],[25.13282,60.15872],[25.13554,60.15876],[25.13808,60.16046],[25.1429,60.15966],[25.14459,60.16078],[25.14426,60.15978],[25.14782,60.15917],[25.14533,60.15732],[25.14241,60.15727],[25.14074,60.15611],[25.13914,60.15693],[25.1383,60.15599],[25.1341,60.15537],[25.12718,60.15633],[25.12776,60.15782]]],[[[25.22815,60.15583],[25.22539,60.15714],[25.22496,60.15601],[25.22367,60.15697],[25.2248,60.15769],[25.21924,60.15843],[25.21543,60.16022],[25.21779,60.16109],[25.2253,60.15986],[25.22838,60.15775],[25.22815,60.15583]]],[[[25.12694,60.16177],[25.12752,60.16242],[25.12883,60.16142],[25.128,60.16098],[25.12694,60.16177]]],[[[25.12226,60.16241],[25.12086,60.16363],[25.12275,60.16306],[25.12226,60.16241]]],[[[25.17198,60.1649],[25.1754,60.16411],[25.17455,60.1633],[25.17221,60.16343],[25.17284,60.16417],[25.17198,60.1649]]],[[[25.17636,60.16724],[25.17196,60.1684],[25.1703,60.1694],[25.17354,60.16951],[25.17636,60.16724]]],[[[25.12423,60.16911],[25.12607,60.16869],[25.12565,60.16779],[25.12423,60.16911]]],[[[25.14592,60.16896],[25.14338,60.16931],[25.14337,60.16965],[25.14592,60.16896]]],[[[25.15363,60.17017],[25.1521,60.17215],[25.15312,60.17255],[25.15741,60.17166],[25.1583,60.16988],[25.15363,60.17017]]],[[[25.15425,60.17858],[25.15173,60.1755],[25.15025,60.17737],[25.15425,60.17858]]],[[[25.12168,60.1798],[25.12275,60.17847],[25.11987,60.17807],[25.11831,60.17959],[25.12168,60.1798]]],[[[25.14607,60.18084],[25.14729,60.18066],[25.14821,60.17972],[25.14654,60.18002],[25.14607,60.18084]]],[[[25.12905,60.18129],[25.1348,60.18149],[25.13559,60.18078],[25.13078,60.18029],[25.12905,60.18129]]],[[[25.13026,60.18353],[25.13106,60.18403],[25.1321,60.18323],[25.1312,60.18303],[25.13026,60.18353]]],[[[25.1255,60.18427],[25.12754,60.18403],[25.12779,60.18366],[25.1255,60.18427]]],[[[25.16611,60.18353],[25.16329,60.18371],[25.16169,60.18555],[25.16454,60.18546],[25.16611,60.18353]]],[[[25.16282,60.18789],[25.16431,60.1889],[25.16486,60.18844],[25.16282,60.18789]]],[[[25.17332,60.18844],[25.17455,60.18947],[25.17449,60.18835],[25.17332,60.18844]]],[[[25.16063,60.18818],[25.16119,60.18996],[25.16051,60.18826],[25.16153,60.18554],[25.15464,60.18501],[25.15035,60.18934],[25.14998,60.19297],[25.15271,60.19417],[25.15278,60.19525],[25.16009,60.19695],[25.16613,60.19561],[25.16714,60.19297],[25.16132,60.19028],[25.16266,60.1891],[25.16197,60.18772],[25.16063,60.18818]]],[[[25.16758,60.19238],[25.16858,60.19397],[25.17034,60.19262],[25.16758,60.19238]]],[[[25.19648,60.1871],[25.17493,60.18848],[25.17478,60.1895],[25.18435,60.19826],[25.20175,60.20327],[25.20594,60.20062],[25.21493,60.19887],[25.22674,60.19453],[25.22766,60.19187],[25.22369,60.19047],[25.19648,60.1871]]],[[[25.20953,60.20115],[25.20606,60.2008],[25.20036,60.2049],[25.20156,60.20577],[25.21033,60.20515],[25.21616,60.20218],[25.21786,60.20018],[25.21454,60.20009],[25.2113,60.20248],[25.20941,60.20185],[25.20953,60.20115]]],[[[25.16007,60.20788],[25.16009,60.20556],[25.16192,60.20249],[25.15948,60.20539],[25.16007,60.20788]]],[[[25.21699,60.20742],[25.21511,60.20817],[25.21496,60.20864],[25.2165,60.20878],[25.21699,60.20742]]],[[[25.21898,60.21122],[25.20926,60.20553],[25.20145,60.2061],[25.19645,60.20868],[25.19571,60.21105],[25.20332,60.21322],[25.20413,60.21428],[25.19853,60.2213],[25.19584,60.22249],[25.19713,60.22436],[25.20152,60.22623],[25.20678,60.22468],[25.2101,60.21937],[25.21103,60.21829],[25.21815,60.21368],[25.21898,60.21122]]],[[[25.13702,60.22143],[25.13541,60.2209],[25.13469,60.22168],[25.13553,60.2219],[25.13702,60.22143]],[[25.13659,60.22145],[25.13654,60.22135],[25.13674,60.22141],[25.13659,60.22145]]],[[[25.19317,60.22518],[25.19688,60.22435],[25.19574,60.22267],[25.19376,60.22359],[25.19317,60.22518]]],[[[25.19,60.22503],[25.1897,60.22384],[25.18711,60.22503],[25.18892,60.22567],[25.1911,60.22526],[25.19,60.22503]]],[[[25.20906,60.22511],[25.20705,60.2247],[25.2072,60.22697],[25.20899,60.22589],[25.20906,60.22511]]],[[[25.20146,60.22632],[25.20016,60.22736],[25.20023,60.22771],[25.2017,60.22732],[25.20146,60.22632]]],[[[25.18458,60.22701],[25.17887,60.2277],[25.17577,60.22953],[25.16995,60.23045],[25.16347,60.23281],[25.15522,60.23394],[25.15959,60.23397],[25.17589,60.23029],[25.17719,60.23122],[25.18211,60.23102],[25.18809,60.22892],[25.18939,60.22703],[25.18609,60.22561],[25.18458,60.22701]]],[[[25.23132,60.24817],[25.21449,60.24657],[25.20965,60.2473],[25.2076,60.24836],[25.20942,60.25092],[25.20392,60.25003],[25.20061,60.25134],[25.20776,60.2539],[25.209,60.25355],[25.20959,60.25206],[25.21639,60.25546],[25.22585,60.25645],[25.23152,60.25611],[25.23436,60.2541],[25.2322,60.25281],[25.23448,60.25316],[25.23885,60.24982],[25.23633,60.24712],[25.23417,60.24622],[25.22947,60.24605],[25.22958,60.24686],[25.23312,60.24756],[25.23132,60.24817]]],[[[25.1774,60.25956],[25.17382,60.26],[25.17402,60.26164],[25.1774,60.25956]]],[[[25.16065,60.27193],[25.15923,60.27017],[25.15562,60.27049],[25.15704,60.27109],[25.1576,60.27264],[25.16065,60.27193]]],[[[25.16487,60.27562],[25.16599,60.27627],[25.16835,60.27521],[25.16662,60.27441],[25.16487,60.27562]]],[[[25.19443,60.2966],[25.19699,60.29582],[25.19354,60.29626],[25.19443,60.2966]]],[[[25.14391,60.30542],[25.14497,60.30764],[25.14786,60.30727],[25.14599,60.30619],[25.14568,60.30496],[25.14391,60.30542]]],[[[25.19911,60.3057],[25.19884,60.30694],[25.19659,60.30945],[25.19944,60.30962],[25.20155,60.30717],[25.19911,60.3057]]],[[[25.17998,60.32636],[25.17845,60.326],[25.178,60.32731],[25.17861,60.32761],[25.17998,60.32636]]],[[[25.12228,60.33598],[25.11662,60.3331],[25.12206,60.33622],[25.12412,60.33846],[25.12228,60.33598]]],[[[25.16203,60.33825],[25.16199,60.33697],[25.16041,60.3369],[25.1613,60.33818],[25.16203,60.33825]]],[[[25.12344,60.36488],[25.12528,60.36975],[25.12387,60.37117],[25.12371,60.37386],[25.12525,60.37507],[25.12379,60.37812],[25.12341,60.3803],[25.12359,60.38077],[25.12544,60.37508],[25.1239,60.37381],[25.12411,60.37115],[25.12522,60.37029],[25.12545,60.36926],[25.12344,60.36488]]],[[[25.14767,60.37506],[25.14917,60.373],[25.14654,60.37347],[25.14653,60.37472],[25.14767,60.37506]]],[[[28.9883,59.91375],[28.52913,59.8474],[28.47021,59.83136],[28.43845,59.7983],[28.4164,59.67897],[28.24379,59.68525],[28.19229,59.78025],[28.11365,59.79279],[28.1004,59.79056],[28.09462,59.79026],[28.01994,59.76003],[27.98458,59.6946],[28.04535,59.62055],[28.06457,59.5385],[27.99385,59.44996],[27.87231,59.4126],[27.71576,59.43216],[27.40265,59.46322],[27.0758,59.44787],[26.90517,59.45677],[26.7366,59.52718],[26.65112,59.55137],[26.56906,59.55903],[26.40942,59.55398],[26.36581,59.56146],[26.32805,59.5632],[26.26934,59.59102],[26.13235,59.58963],[26.05202,59.63435],[25.96035,59.63938],[25.74303,59.66185],[25.69084,59.68403],[25.48759,59.66254],[25.48759,59.60092],[25.5439,59.54302],[25.50751,59.52335],[25.27233,59.53275],[25.13672,59.5472],[24.96265,59.50593],[24.88403,59.55885],[24.76799,59.59971],[24.72885,59.58389],[24.7958,59.50541],[24.57195,59.4702],[24.55856,59.45921],[24.48612,59.45869],[24.45986,59.47203],[24.42844,59.47569],[24.35394,59.47787],[24.33849,59.44577],[24.33866,59.42797],[24.27069,59.40788],[24.19292,59.40849],[24.17353,59.39853],[24.04118,59.3946],[23.8575,59.35227],[23.81561,59.29429],[23.72944,59.27746],[23.65974,59.25131],[23.51006,59.23446],[23.39916,59.30428],[22.52197,59.7121],[22.86941,59.75363],[23.19305,59.77335],[23.19897,59.77915],[23.24876,59.7795],[23.30626,59.78536],[23.46817,59.78854],[23.5339,59.80559],[23.67287,59.83516],[23.73665,59.84102],[24.01337,59.88687],[24.25644,59.90685],[24.33952,59.91098],[24.35669,59.91364],[24.49608,59.91235],[24.69177,60.01169],[24.86824,60.08163],[24.93055,60.09181],[25.02758,60.11196],[25.24787,60.14847],[25.28855,60.14847],[25.32932,60.15518],[25.45532,60.14902],[25.56835,60.17873],[25.72174,60.21629],[25.74216,60.20382],[25.80005,60.18953],[25.81718,60.17909],[25.87902,60.19063],[25.95363,60.19587],[25.98791,60.20084],[26.00924,60.20505],[26.02804,60.21015],[26.11656,60.24629],[26.24702,60.28868],[26.38298,60.31811],[26.50519,60.32701],[26.52379,60.33004],[26.53522,60.3343],[26.60305,60.34649],[26.71463,60.35583],[26.77512,60.34221],[26.84647,60.33137],[27.09366,60.36941],[27.36214,60.39893],[27.41961,60.39242],[27.42775,60.3981],[27.47192,60.41005],[27.47635,60.41521],[27.49558,60.41929],[27.56607,60.41216],[27.68877,60.42327],[27.70867,60.42587],[27.71804,60.42824],[27.75026,60.42538],[27.9245,60.46043],[27.97665,60.47287],[28.07561,60.49914],[28.1147,60.51303],[28.13187,60.50995],[28.13976,60.50386],[28.16955,60.50158],[28.18774,60.50661],[28.2317,60.51075],[28.43748,60.4643],[28.43684,60.46345],[28.43818,60.45708],[28.4429,60.45318],[28.44009,60.4507],[28.43336,60.45093],[28.43266,60.4497],[28.44009,60.44237],[28.44463,60.43929],[28.4478,60.43454],[28.4738,60.41745],[28.48026,60.40818],[28.48764,60.40021],[28.48515,60.39081],[28.4922,60.38438],[28.49591,60.38221],[28.50154,60.37592],[28.49842,60.37409],[28.49913,60.37341],[28.49787,60.3719],[28.47795,60.36852],[28.46403,60.36869],[28.45881,60.36633],[28.4553,60.36926],[28.44689,60.36851],[28.43337,60.37082],[28.42194,60.36897],[28.41444,60.36318],[28.41781,60.35726],[28.42305,60.35526],[28.43544,60.34169],[28.44189,60.34001],[28.44687,60.33638],[28.46258,60.33309],[28.46733,60.32905],[28.46941,60.32461],[28.47819,60.31902],[28.50642,60.31002],[28.50973,60.30207],[28.51268,60.30062],[28.51708,60.30063],[28.51708,60.30367],[28.51886,60.30878],[28.5179,60.31335],[28.51964,60.31866],[28.52623,60.32093],[28.53594,60.31897],[28.53777,60.31777],[28.53879,60.31273],[28.55304,60.30092],[28.55022,60.29753],[28.55047,60.2957],[28.55203,60.29433],[28.56208,60.29111],[28.56435,60.28947],[28.57401,60.2875],[28.57511,60.2854],[28.58458,60.2822],[28.58879,60.27977],[28.60713,60.27582],[28.61506,60.26965],[28.61872,60.26831],[28.62242,60.26819],[28.62501,60.26671],[28.62705,60.26686],[28.62641,60.26784],[28.62794,60.26824],[28.6323,60.26683],[28.63479,60.26767],[28.63601,60.26725],[28.63797,60.26415],[28.64363,60.26482],[28.64711,60.26299],[28.65331,60.26444],[28.66681,60.26132],[28.66616,60.26229],[28.66821,60.26366],[28.6737,60.26331],[28.67668,60.26164],[28.68096,60.26086],[28.68519,60.26492],[28.68801,60.2649],[28.69411,60.26066],[28.69974,60.26161],[28.70032,60.26214],[28.69947,60.2632],[28.69711,60.26457],[28.69234,60.26514],[28.68762,60.27042],[28.68816,60.27172],[28.69328,60.27346],[28.70054,60.27336],[28.70305,60.27237],[28.70371,60.27308],[28.69526,60.27701],[28.69987,60.28189],[28.705,60.28321],[28.71219,60.28349],[28.7123,60.28556],[28.71622,60.28479],[28.7176,60.28576],[28.72015,60.28439],[28.7212,60.28548],[28.72021,60.28634],[28.72146,60.28754],[28.77291,60.32106],[28.77641,60.32242],[28.77828,60.3279],[28.78336,60.32896],[28.79493,60.32388],[28.79701,60.32494],[28.79669,60.32734],[28.79347,60.32902],[28.79431,60.33154],[28.79072,60.33664],[28.79407,60.33766],[28.79354,60.34105],[28.79442,60.34799],[28.80924,60.35081],[28.81044,60.34707],[28.81398,60.34276],[28.81817,60.33951],[28.81581,60.3374],[28.81579,60.33401],[28.81823,60.33174],[28.81853,60.32825],[28.82761,60.31882],[28.82416,60.31567],[28.82667,60.3123],[28.83778,60.30464],[28.84767,60.30125],[28.85078,60.29727],[28.85016,60.29484],[28.84808,60.29321],[28.85119,60.28835],[28.88243,60.27149],[28.91402,60.26106],[28.91522,60.26239],[28.91406,60.26742],[28.92016,60.27028],[28.92769,60.2706],[28.9343,60.26969],[28.94812,60.26276],[28.95224,60.2622],[28.95573,60.25991],[28.95528,60.25686],[28.94833,60.2544],[28.94988,60.24521],[28.95445,60.24323],[28.95627,60.24401],[28.95511,60.24659],[28.96,60.24755],[28.9593,60.25031],[28.96241,60.24995],[28.96715,60.24417],[28.96904,60.23543],[28.97108,60.2328],[28.97464,60.23143],[28.97794,60.23172],[28.97897,60.23467],[28.98273,60.23591],[28.98204,60.23769],[28.98966,60.23825],[28.99382,60.23668],[28.9911,60.23072],[28.99655,60.22772],[28.99404,60.22176],[28.98781,60.21729],[28.9876,60.21476],[28.99369,60.21058],[28.99335,60.20658],[29.00248,60.19505],[29.00112,60.19506],[29.00835,60.18899],[29.01599,60.18588],[29.01627,60.18375],[29.01524,60.18225],[29.01785,60.18103],[29.02489,60.18055],[29.0395,60.17569],[29.04553,60.17592],[29.05313,60.17854],[29.05277,60.17948],[29.05693,60.18116],[29.0892,60.17443],[29.10645,60.16785],[29.12458,60.16609],[29.12928,60.16673],[29.13671,60.16524],[29.14703,60.1606],[29.14987,60.16264],[29.15514,60.16207],[29.15703,60.16426],[29.1678,60.16576],[29.20896,60.16271],[29.21904,60.16278],[29.24144,60.16049],[29.25681,60.16076],[29.26691,60.15965],[29.27093,60.16027],[29.31036,60.15906],[29.3279,60.15991],[29.33032,60.16081],[29.35474,60.1598],[29.36169,60.16083],[29.37055,60.1603],[29.38881,60.1611],[29.40527,60.16082],[29.42336,60.1588],[29.43016,60.16065],[29.44441,60.16077],[29.44525,60.16119],[29.44488,60.16189],[29.4499,60.16426],[29.45647,60.17085],[29.46766,60.17367],[29.47541,60.17681],[29.50902,60.17989],[29.51714,60.18213],[29.5255,60.18309],[29.52912,60.18954],[29.53456,60.19038],[29.5383,60.19276],[29.53877,60.19088],[29.54079,60.195],[29.54391,60.19356],[29.5485,60.19463],[29.56107,60.1938],[29.56952,60.19728],[29.5916,60.19721],[29.61847,60.19509],[29.63339,60.19139],[29.65785,60.19054],[29.66398,60.18938],[29.66687,60.19021],[29.67566,60.18999],[29.70161,60.1865],[29.70295,60.18657],[29.7001,60.18688],[29.7002,60.18776],[29.72062,60.18651],[29.77019,60.18036],[29.79451,60.17562],[29.82365,60.16665],[29.82245,60.16552],[29.82508,60.167],[29.84918,60.16148],[29.86293,60.16267],[29.87258,60.16102],[29.8857,60.1571],[29.89053,60.15457],[29.89966,60.1521],[29.90855,60.151],[29.92073,60.1474],[29.92783,60.1427],[29.936,60.13115],[29.94057,60.12311],[29.94193,60.11944],[29.94143,60.11811],[29.94306,60.118],[29.94491,60.11351],[29.94574,60.10215],[29.94395,60.09925],[29.9374,60.09382],[29.92334,60.0911],[29.91986,60.08994],[29.91923,60.08888],[29.92259,60.08768],[29.93231,60.08756],[29.92982,60.08579],[29.92952,60.0845],[29.93109,60.08291],[29.93451,60.0834],[29.93695,60.08287],[29.93725,60.08191],[29.94028,60.08171],[29.94138,60.08029],[29.93947,60.07929],[29.93933,60.07784],[29.94405,60.07814],[29.95434,60.07549],[29.95423,60.07451],[29.95589,60.07427],[29.95542,60.07307],[29.93671,60.06936],[29.93269,60.07024],[29.93211,60.07],[29.95709,60.06343],[29.96125,60.06042],[29.96447,60.05638],[29.9638,60.05291],[29.96423,60.05166],[29.96588,60.05229],[29.96584,60.05188],[29.96425,60.04889],[29.96275,60.04813],[29.96451,60.04734],[29.96337,60.04642],[29.96539,60.04556],[29.96526,60.043],[29.95864,60.03803],[29.95527,60.03782],[29.95682,60.0351],[29.96384,60.03568],[29.96669,60.0288],[29.9656,60.02842],[29.96683,60.02856],[29.96807,60.02561],[29.96212,60.0247],[29.96097,60.02732],[29.96226,60.02783],[29.96092,60.02783],[29.95854,60.03248],[29.96352,60.03329],[29.95769,60.03334],[29.96239,60.0214],[29.96388,60.02118],[29.96223,60.02102],[29.9627,60.01878],[29.96828,60.0181],[29.9625,60.0165],[29.96503,60.01519],[29.96246,60.01379],[29.96441,60.01252],[29.96396,60.0114],[29.96555,60.01103],[29.96248,60.00955],[29.96618,60.01096],[29.96893,60.01069],[29.97436,60.00868],[29.98788,60.00642],[29.99752,60.00312],[30.00359,60.00223],[30.00647,60.00027],[30.0051,59.99894],[30.01061,59.99881],[30.0129,59.99718],[30.01271,59.99546],[30.00986,59.99433],[30.01139,59.9927],[30.01603,59.9942],[30.01761,59.9932],[30.02011,59.99341],[30.01815,59.99358],[30.01313,59.99854],[30.01384,60.00026],[30.01355,59.99847],[30.0142,60.00002],[30.01608,59.99964],[30.01427,59.99938],[30.01383,59.9983],[30.01733,59.99527],[30.01823,59.99467],[30.01925,59.99419],[30.01699,59.99575],[30.02242,59.9972],[30.03235,59.99694],[30.03479,59.9982],[30.04088,59.99758],[30.05362,59.99821],[30.0611,59.99645],[30.06718,59.99681],[30.08031,59.99461],[30.09143,59.99409],[30.09479,59.99309],[30.09604,59.99151],[30.09818,59.99221],[30.09719,59.99048],[30.10092,59.99137],[30.10569,59.98988],[30.12099,59.98992],[30.12802,59.9884],[30.13445,59.98881],[30.15932,59.98744],[30.16215,59.98642],[30.16093,59.98321],[30.16615,59.98252],[30.16745,59.98404],[30.16631,59.98295],[30.16215,59.98345],[30.16323,59.98575],[30.16668,59.98469],[30.16725,59.98553],[30.17151,59.98587],[30.18143,59.98554],[30.18237,59.98895],[30.17876,59.9891],[30.18419,59.98967],[30.18636,59.98699],[30.18432,59.98598],[30.18765,59.98539],[30.18887,59.98382],[30.18784,59.98324],[30.19274,59.98194],[30.19267,59.98053],[30.19356,59.98069],[30.19297,59.98176],[30.19478,59.98199],[30.20366,59.9796],[30.20372,59.97853],[30.20519,59.97947],[30.20803,59.97936],[30.21161,59.97555],[30.21029,59.97399],[30.21053,59.97087],[30.21535,59.96912],[30.21617,59.96418],[30.20731,59.96396],[30.18886,59.96035],[30.1852,59.95536],[30.18763,59.95596],[30.19159,59.95412],[30.20332,59.95226],[30.20275,59.95112],[30.18439,59.95439],[30.18324,59.95361],[30.18333,59.95256],[30.19455,59.95055],[30.19034,59.94362],[30.17913,59.9453],[30.17782,59.94406],[30.18073,59.94311],[30.19036,59.93314],[30.19356,59.9313],[30.20549,59.92849],[30.21219,59.92846],[30.21287,59.92986],[30.2158,59.93045],[30.221,59.92883],[30.22736,59.92868],[30.23071,59.92672],[30.22891,59.91355],[30.21379,59.91611],[30.20726,59.90852],[30.21602,59.90577],[30.2161,59.90397],[30.20929,59.8994],[30.19586,59.89319],[30.19332,59.88932],[30.18229,59.88778],[30.16898,59.88831],[30.16789,59.8864],[30.17232,59.88418],[30.16592,59.8808],[30.16812,59.8796],[30.16152,59.87424],[30.17563,59.87035],[30.17293,59.87052],[30.17141,59.86959],[30.16978,59.87038],[30.1705,59.87064],[30.1656,59.8713],[30.16351,59.87115],[30.16316,59.87018],[30.15563,59.87189],[30.15517,59.87057],[30.14892,59.8661],[30.13953,59.86247],[30.13319,59.86169],[30.13182,59.8624],[30.13286,59.86319],[30.11801,59.86279],[30.11707,59.85879],[30.11625,59.86298],[30.11099,59.86207],[30.10942,59.86353],[30.10628,59.86277],[30.10114,59.86424],[30.09331,59.86314],[30.09001,59.8641],[30.08388,59.86235],[30.07271,59.86267],[30.06388,59.86067],[30.05846,59.86174],[30.0542,59.86106],[30.04683,59.86176],[30.04647,59.86076],[30.04469,59.86045],[30.0448,59.86261],[30.04571,59.86283],[30.04482,59.86309],[30.04333,59.86214],[30.03512,59.86103],[30.03151,59.86177],[30.02691,59.86067],[30.0197,59.86328],[30.01998,59.86416],[30.01949,59.8647],[30.01899,59.86352],[30.01797,59.86407],[30.01886,59.86491],[30.01754,59.8641],[30.01515,59.86453],[30.01349,59.86617],[30.01194,59.8654],[30.01229,59.86438],[30.01076,59.86455],[30.01074,59.86553],[30.00928,59.86484],[30.00268,59.86628],[29.99991,59.86812],[30.00038,59.86871],[29.99701,59.86862],[29.98618,59.87455],[29.98154,59.87531],[29.97667,59.87889],[29.96797,59.87976],[29.96821,59.88152],[29.96624,59.88076],[29.96699,59.88145],[29.96468,59.8817],[29.96474,59.8825],[29.96315,59.88198],[29.96261,59.88285],[29.95864,59.88293],[29.95497,59.88462],[29.95252,59.88397],[29.95236,59.88734],[29.95168,59.88759],[29.95186,59.88525],[29.94305,59.88479],[29.94111,59.8861],[29.93661,59.88503],[29.92155,59.88598],[29.91973,59.88734],[29.91194,59.88799],[29.91154,59.8885],[29.91437,59.89017],[29.91391,59.89086],[29.91357,59.89022],[29.91128,59.89072],[29.91089,59.88948],[29.90627,59.88897],[29.89553,59.8902],[29.89291,59.89213],[29.89112,59.89174],[29.89185,59.89359],[29.88329,59.89299],[29.87549,59.89587],[29.87467,59.89785],[29.85917,59.89955],[29.85745,59.90057],[29.85642,59.90017],[29.85718,59.89934],[29.85506,59.89937],[29.85432,59.90006],[29.85536,59.90106],[29.85273,59.90194],[29.84926,59.90052],[29.84432,59.90089],[29.8417,59.90214],[29.83866,59.90096],[29.83625,59.90237],[29.83663,59.90347],[29.83509,59.90436],[29.83225,59.90392],[29.83159,59.90502],[29.82758,59.90641],[29.81989,59.90575],[29.81095,59.90903],[29.80756,59.90922],[29.80182,59.91025],[29.80444,59.91096],[29.80202,59.91098],[29.80077,59.91236],[29.79931,59.9115],[29.79782,59.91197],[29.79673,59.91355],[29.79516,59.91234],[29.79832,59.91114],[29.79275,59.91253],[29.79486,59.91246],[29.79573,59.91348],[29.79358,59.91396],[29.79413,59.91473],[29.78682,59.91648],[29.78802,59.918],[29.78435,59.9148],[29.78235,59.91519],[29.78088,59.91588],[29.78057,59.9183],[29.77853,59.92009],[29.78014,59.92109],[29.77818,59.92133],[29.77885,59.92172],[29.7718,59.9188],[29.77659,59.92121],[29.77541,59.92178],[29.78097,59.92706],[29.78199,59.92921],[29.77928,59.93054],[29.76729,59.92788],[29.75837,59.92995],[29.75553,59.92866],[29.75033,59.93141],[29.74845,59.93128],[29.74642,59.93354],[29.72867,59.9348],[29.71591,59.93481],[29.7138,59.93396],[29.7113,59.93452],[29.71061,59.93354],[29.70515,59.9341],[29.70644,59.93721],[29.68458,59.93715],[29.68461,59.93526],[29.67225,59.93523],[29.67304,59.93736],[29.67061,59.93767],[29.66916,59.93513],[29.64754,59.92986],[29.55322,59.96343],[29.45864,59.96025],[29.40199,59.97245],[29.32749,59.98036],[29.20956,59.99469],[29.11102,59.98697],[29.05094,59.95828],[28.9883,59.91375]],[[30.12448,59.86504],[30.12464,59.86511],[30.12424,59.86505],[30.12448,59.86504]],[[30.06111,59.99251],[30.06468,59.99393],[30.06142,59.99416],[30.06187,59.99352],[30.05709,59.9946],[30.05487,59.99618],[30.05197,59.99597],[30.05509,59.99484],[30.05601,59.99356],[30.06111,59.99251]],[[30.05247,59.86216],[30.05022,59.8632],[30.0489,59.86348],[30.04889,59.8634],[30.05247,59.86216]],[[30.04477,59.86349],[30.04515,59.864],[30.047,59.86391],[30.04503,59.86415],[30.04488,59.8649],[30.04477,59.86349]],[[30.03383,59.99737],[30.03292,59.99583],[30.03505,59.99631],[30.03383,59.99737]],[[30.02942,59.99383],[30.03096,59.99392],[30.03202,59.99428],[30.03107,59.99507],[30.02942,59.99383]],[[30.02483,59.99393],[30.02894,59.99409],[30.02475,59.99458],[30.02483,59.99393]],[[29.96424,60.02813],[29.96258,60.02787],[29.96435,60.02807],[29.96424,60.02813]],[[29.9083,60.03348],[29.90881,60.03229],[29.92057,60.03289],[29.91583,60.03126],[29.91734,60.03058],[29.91925,60.03186],[29.92219,60.03164],[29.92265,60.03207],[29.9213,60.03255],[29.923,60.03367],[29.94981,60.03602],[29.94941,60.03725],[29.94841,60.03723],[29.9083,60.03348]],[[29.86768,60.02968],[29.86824,60.0285],[29.90378,60.03185],[29.90339,60.033],[29.90241,60.03299],[29.86768,60.02968]],[[29.8934,60.02697],[29.89753,60.02695],[29.89717,60.02746],[29.89883,60.02801],[29.89563,60.02816],[29.8934,60.02697]],[[29.87154,60.02142],[29.87413,60.0222],[29.87732,60.02227],[29.8739,60.02282],[29.87154,60.02142]],[[29.83406,60.02893],[29.83531,60.02819],[29.83535,60.02693],[29.83435,60.02685],[29.83512,60.02562],[29.83998,60.02604],[29.83928,60.02455],[29.83693,60.02374],[29.84554,60.02632],[29.8633,60.02807],[29.86283,60.02927],[29.84129,60.02775],[29.83406,60.02893]],[[29.84541,60.08296],[29.84908,60.08642],[29.85303,60.08752],[29.85172,60.08806],[29.84866,60.08711],[29.84537,60.08466],[29.84541,60.08296]],[[29.84719,60.02083],[29.85063,60.02159],[29.845,60.02159],[29.84719,60.02083]],[[29.783,60.02221],[29.78349,60.0209],[29.8159,60.02372],[29.82275,60.02209],[29.83341,60.02349],[29.82921,60.02433],[29.82923,60.02499],[29.83291,60.02542],[29.83242,60.02653],[29.83012,60.02747],[29.83115,60.02818],[29.83057,60.02845],[29.82395,60.02602],[29.81863,60.02527],[29.783,60.02221]],[[29.63452,60.03058],[29.63598,60.03136],[29.63826,60.03139],[29.64551,60.03016],[29.65134,60.02775],[29.65632,60.02819],[29.66227,60.02569],[29.66848,60.0255],[29.67601,60.02265],[29.68258,60.0188],[29.697,60.00428],[29.6992,60.00028],[29.69868,59.99867],[29.68979,59.99388],[29.69223,59.99456],[29.69426,59.99388],[29.69507,59.99342],[29.69394,59.99257],[29.6945,59.99216],[29.69849,59.99186],[29.70009,59.9957],[29.70443,59.99346],[29.7032,59.99162],[29.70688,59.9937],[29.70713,59.99446],[29.70254,59.99527],[29.70391,59.99675],[29.70337,59.99772],[29.70414,59.99825],[29.70537,59.99748],[29.70583,59.99743],[29.70458,59.9988],[29.71285,60.00559],[29.72211,60.0043],[29.72913,60.00166],[29.73843,59.99965],[29.7369,59.99845],[29.73871,59.99741],[29.73509,59.99702],[29.73346,59.99533],[29.7401,59.99308],[29.73674,59.99068],[29.74242,59.9936],[29.748,59.99328],[29.75205,59.99148],[29.75291,59.99077],[29.75236,59.98877],[29.75086,59.98796],[29.75221,59.98743],[29.75254,59.98418],[29.75286,59.98815],[29.76049,59.98652],[29.76109,59.98718],[29.76387,59.98685],[29.76093,59.98277],[29.76219,59.98252],[29.76568,59.98652],[29.77373,59.98418],[29.77323,59.98341],[29.77687,59.98385],[29.7775,59.98349],[29.77507,59.98152],[29.77636,59.98111],[29.7781,59.98328],[29.7833,59.9821],[29.78532,59.98346],[29.78413,59.98201],[29.78725,59.98134],[29.78765,59.9805],[29.78378,59.9785],[29.78237,59.9792],[29.77923,59.97771],[29.78159,59.97832],[29.7853,59.97532],[29.78411,59.97478],[29.78814,59.97206],[29.78466,59.97087],[29.78191,59.97316],[29.78167,59.97309],[29.78442,59.97023],[29.79245,59.97304],[29.78485,59.97832],[29.79175,59.97939],[29.79338,59.97807],[29.793,59.97888],[29.79478,59.98168],[29.79309,59.98223],[29.7932,59.9833],[29.79103,59.98375],[29.79138,59.9843],[29.79479,59.98563],[29.80333,59.98379],[29.80437,59.98464],[29.80124,59.98529],[29.79905,59.98846],[29.79977,59.9897],[29.79847,59.99129],[29.78848,59.99506],[29.78139,59.99646],[29.78028,59.9975],[29.78143,59.99894],[29.77856,60.00025],[29.77794,60.0014],[29.77858,60.00185],[29.77406,60.00069],[29.77643,60.00217],[29.77377,60.00154],[29.77604,60.0033],[29.77268,60.00155],[29.77469,60.00353],[29.76959,60.00343],[29.76832,60.00417],[29.76906,60.00477],[29.76503,60.00746],[29.76363,60.00748],[29.76387,60.00808],[29.76288,60.00809],[29.76287,60.00733],[29.75936,60.00753],[29.75981,60.00828],[29.75684,60.00852],[29.75724,60.00792],[29.75579,60.00768],[29.75548,60.00841],[29.75273,60.00861],[29.75432,60.00917],[29.74862,60.01047],[29.75209,60.01217],[29.75252,60.01151],[29.75737,60.01567],[29.758,60.01459],[29.75965,60.01738],[29.76525,60.02014],[29.77804,60.02083],[29.77796,60.0221],[29.74527,60.02147],[29.74749,60.02681],[29.75425,60.0291],[29.76025,60.02943],[29.75938,60.03036],[29.75279,60.02959],[29.75311,60.02893],[29.7473,60.02708],[29.74425,60.02138],[29.73466,60.02063],[29.7263,60.01865],[29.7207,60.01986],[29.71978,60.02093],[29.70223,60.02281],[29.69923,60.02241],[29.69799,60.02371],[29.69313,60.02429],[29.68859,60.0266],[29.68514,60.02633],[29.67864,60.02764],[29.67701,60.02931],[29.67442,60.02935],[29.6716,60.02808],[29.66573,60.02853],[29.65386,60.03009],[29.65011,60.03158],[29.64106,60.03227],[29.63886,60.03356],[29.63438,60.03195],[29.63452,60.03058]],[[29.79179,60.02699],[29.78942,60.0281],[29.79309,60.02803],[29.79143,60.02871],[29.78857,60.02821],[29.78841,60.02887],[29.79189,60.02877],[29.79336,60.02802],[29.79286,60.02728],[29.7936,60.02791],[29.79162,60.02893],[29.78827,60.0289],[29.78819,60.02824],[29.79179,60.02699]],[[29.77875,59.97575],[29.77786,59.97548],[29.78162,59.97341],[29.77875,59.97575]],[[29.77646,59.97735],[29.77762,59.97574],[29.77846,59.97599],[29.77766,59.97714],[29.77646,59.97735]],[[29.77402,59.97875],[29.77471,59.97793],[29.77641,59.97768],[29.77565,59.97825],[29.77402,59.97875]],[[29.76919,59.97898],[29.77072,59.97929],[29.77227,59.97913],[29.76977,59.97965],[29.76919,59.97898]],[[29.76682,59.98026],[29.76891,59.97905],[29.76949,59.97971],[29.76945,59.97994],[29.76682,59.98026]],[[29.75527,59.98252],[29.76302,59.98028],[29.76645,59.98033],[29.75779,59.98231],[29.75527,59.98252]],[[29.76554,59.96875],[29.76582,59.96889],[29.76546,59.96883],[29.76554,59.96875]],[[29.76526,59.96885],[29.76533,59.9689],[29.76524,59.96888],[29.76526,59.96885]],[[29.75304,59.9831],[29.7526,59.98307],[29.75464,59.98278],[29.75304,59.9831]],[[29.74761,59.98023],[29.75017,59.98019],[29.74914,59.98073],[29.74614,59.98048],[29.74575,59.97889],[29.74488,59.97928],[29.74426,59.97889],[29.74772,59.97827],[29.75264,59.97916],[29.75046,59.98005],[29.75019,59.97905],[29.74694,59.97872],[29.74761,59.98023]],[[29.73596,59.9899],[29.73679,59.99055],[29.73167,59.99019],[29.73271,59.98909],[29.73617,59.98868],[29.73723,59.98925],[29.73518,59.98919],[29.73672,59.98944],[29.73596,59.9899]],[[29.73092,59.97554],[29.73156,59.97569],[29.73059,59.97573],[29.73092,59.97554]],[[29.71524,60.05686],[29.72022,60.05911],[29.72912,60.06046],[29.71933,60.05956],[29.71464,60.05756],[29.71524,60.05686]],[[29.71687,59.9897],[29.71843,59.9891],[29.71869,59.98972],[29.71687,59.9897]],[[29.71533,59.97436],[29.71826,59.9741],[29.71852,59.97463],[29.71533,59.97436]],[[29.70463,59.94908],[29.70616,59.94954],[29.7062,59.9496],[29.70587,59.94983],[29.70463,59.94908]],[[29.70317,59.95718],[29.70507,59.95734],[29.70559,59.95851],[29.70372,59.95824],[29.70317,59.95718]],[[29.70425,59.94892],[29.70363,59.94889],[29.70565,59.95004],[29.70497,59.95062],[29.7024,59.94926],[29.70285,59.9485],[29.70425,59.94892]],[[29.68082,59.96379],[29.68321,59.96349],[29.68984,59.98064],[29.69315,59.98245],[29.69713,59.98724],[29.70077,59.98844],[29.69673,59.9879],[29.69639,59.98998],[29.6928,59.99049],[29.69258,59.98967],[29.68928,59.98924],[29.68713,59.99073],[29.68979,59.98766],[29.68731,59.98396],[29.68743,59.9813],[29.68082,59.96379]],[[29.69508,59.97166],[29.69592,59.97157],[29.69679,59.97294],[29.69529,59.97323],[29.69508,59.97166]],[[29.67168,59.9407],[29.67422,59.94036],[29.68216,59.961],[29.67968,59.96108],[29.67168,59.9407]],[[29.54187,60.04309],[29.54297,60.0422],[29.54331,60.04241],[29.54187,60.04309]],[[28.99839,60.19666],[28.99532,60.19639],[28.99035,60.19733],[28.99626,60.19613],[28.99668,60.19525],[28.99839,60.19666]],[[28.7947,60.32039],[28.79574,60.31918],[28.79655,60.31835],[28.7947,60.32039]],[[28.79136,60.30011],[28.7929,60.29853],[28.79234,60.3006],[28.79136,60.30011]],[[28.79095,60.3206],[28.79086,60.32118],[28.79002,60.32153],[28.79095,60.3206]],[[28.79012,60.32224],[28.78926,60.32234],[28.79013,60.32161],[28.79012,60.32224]],[[28.78445,60.31646],[28.78391,60.31627],[28.78505,60.31603],[28.78445,60.31646]],[[28.4689,60.3708],[28.47078,60.3706],[28.46675,60.374],[28.46416,60.37776],[28.46111,60.37882],[28.46102,60.37963],[28.45969,60.37977],[28.46209,60.37765],[28.46101,60.37672],[28.46197,60.37488],[28.4689,60.3708]],[[28.4457,60.38085],[28.44726,60.38059],[28.44817,60.38122],[28.44625,60.38273],[28.44462,60.38264],[28.4457,60.38085]],[[28.43582,60.40746],[28.43945,60.40613],[28.43905,60.40725],[28.44043,60.40807],[28.44328,60.40816],[28.44407,60.40843],[28.44355,60.40951],[28.44628,60.40998],[28.44323,60.41124],[28.44228,60.41214],[28.44281,60.41267],[28.4373,60.41337],[28.43588,60.41646],[28.43114,60.41786],[28.43169,60.41625],[28.42801,60.4173],[28.43041,60.41528],[28.42841,60.41453],[28.42979,60.41314],[28.43034,60.41401],[28.43269,60.41425],[28.43439,60.41187],[28.43226,60.41187],[28.43062,60.41311],[28.43067,60.41181],[28.42871,60.41284],[28.43071,60.41167],[28.42997,60.41111],[28.43549,60.40855],[28.43582,60.40746]],[[28.43669,60.39244],[28.438,60.39307],[28.43726,60.39567],[28.43497,60.39612],[28.43254,60.39467],[28.43304,60.39396],[28.43501,60.39465],[28.4336,60.39341],[28.43669,60.39244]],[[28.4273,60.41191],[28.42864,60.41181],[28.42372,60.416],[28.42441,60.41454],[28.4273,60.41191]],[[28.37356,60.03682],[28.37137,60.03497],[28.37205,60.0346],[28.37137,60.03384],[28.36402,60.03484],[28.36246,60.03597],[28.36092,60.04006],[28.36187,60.03611],[28.36092,60.03498],[28.35712,60.03392],[28.35724,60.03309],[28.35924,60.03232],[28.3588,60.03099],[28.36068,60.02925],[28.36005,60.02879],[28.3612,60.02848],[28.36037,60.02758],[28.36225,60.02656],[28.36197,60.02495],[28.36296,60.02619],[28.36476,60.02566],[28.36526,60.02408],[28.36722,60.02348],[28.36669,60.02271],[28.36888,60.02271],[28.36879,60.02163],[28.36986,60.0213],[28.3679,60.02085],[28.36901,60.02049],[28.36871,60.01958],[28.36295,60.02125],[28.36347,60.02017],[28.36182,60.01952],[28.36826,60.01894],[28.37114,60.01767],[28.37115,60.01615],[28.36916,60.01636],[28.36898,60.01532],[28.37027,60.01537],[28.36935,60.01432],[28.37503,60.01328],[28.3728,60.01219],[28.37199,60.01277],[28.37171,60.01139],[28.37697,60.0094],[28.37693,60.00834],[28.37921,60.00757],[28.37826,60.00702],[28.37858,60.00653],[28.3798,60.00733],[28.38091,60.00666],[28.37939,60.00592],[28.38507,60.00525],[28.38608,60.0046],[28.38623,60.00372],[28.38853,60.00318],[28.38872,60.0002],[28.38996,60.00299],[28.40137,60.0065],[28.39658,60.01064],[28.39146,60.01864],[28.38994,60.02521],[28.39099,60.03065],[28.38664,60.03253],[28.38633,60.03333],[28.38752,60.03366],[28.37618,60.0337],[28.37356,60.03682]],[[28.38901,60.03233],[28.38881,60.03221],[28.3894,60.03227],[28.38901,60.03233]],[[28.38541,59.99511],[28.38806,59.99912],[28.38895,60.00006],[28.38706,59.99893],[28.38541,59.99511]],[[28.3859,60.00418],[28.38575,60.00432],[28.38564,60.00406],[28.3859,60.00418]],[[28.38569,60.0028],[28.38517,60.0026],[28.38587,60.00262],[28.38569,60.0028]],[[28.38456,60.0023],[28.3842,60.00219],[28.38458,60.00225],[28.38456,60.0023]],[[28.37971,60.0069],[28.38029,60.00688],[28.37981,60.00708],[28.37971,60.0069]],[[28.37991,60.03418],[28.38021,60.03418],[28.38019,60.03427],[28.37991,60.03418]],[[28.3775,60.00642],[28.37806,60.00562],[28.37854,60.00598],[28.3775,60.00642]],[[28.37681,60.00806],[28.37707,60.0079],[28.37717,60.00805],[28.37681,60.00806]],[[28.37642,60.00922],[28.37609,60.00884],[28.37669,60.00905],[28.37642,60.00922]],[[28.37305,60.01005],[28.37255,60.01099],[28.37249,60.01015],[28.37305,60.01005]],[[28.37137,60.01278],[28.37014,60.01309],[28.37109,60.0127],[28.37137,60.01278]],[[28.36953,60.01403],[28.36938,60.01353],[28.37117,60.01332],[28.36953,60.01403]],[[28.37044,60.01777],[28.36976,60.01725],[28.37045,60.01654],[28.37044,60.01777]],[[28.36938,60.03524],[28.36965,60.03431],[28.37,60.03454],[28.36938,60.03524]],[[28.36865,60.01261],[28.36914,60.01256],[28.3686,60.01283],[28.36865,60.01261]],[[28.36895,60.01454],[28.36816,60.01497],[28.36848,60.01463],[28.36895,60.01454]],[[28.36799,60.01563],[28.36873,60.01591],[28.36778,60.01581],[28.36799,60.01563]],[[28.36868,60.01193],[28.36852,60.01177],[28.36867,60.01178],[28.36868,60.01193]],[[28.36828,60.01391],[28.36797,60.0138],[28.36846,60.0138],[28.36828,60.01391]],[[28.36788,60.02161],[28.36828,60.0216],[28.36771,60.02188],[28.36788,60.02161]],[[28.3669,60.01742],[28.368,60.01692],[28.36793,60.01726],[28.36721,60.01765],[28.3669,60.01742]],[[28.36788,60.0122],[28.36728,60.01203],[28.36799,60.01202],[28.36788,60.0122]],[[28.36787,60.01636],[28.36764,60.01661],[28.36765,60.01639],[28.36787,60.01636]],[[28.36733,60.01299],[28.36772,60.01296],[28.36777,60.01302],[28.36733,60.01299]],[[28.36672,60.01602],[28.3669,60.01587],[28.36762,60.01582],[28.36672,60.01602]],[[28.36588,60.01879],[28.36574,60.01886],[28.36572,60.01882],[28.36588,60.01879]],[[28.36575,60.02342],[28.36526,60.02335],[28.36567,60.02337],[28.36575,60.02342]],[[28.36428,60.01736],[28.36427,60.01724],[28.36468,60.01718],[28.36428,60.01736]],[[28.36455,60.01872],[28.36425,60.01843],[28.36419,60.01829],[28.36461,60.01847],[28.36455,60.01872]],[[28.36365,60.01765],[28.36354,60.01742],[28.36391,60.01735],[28.36365,60.01765]],[[28.36233,60.02482],[28.3636,60.02413],[28.36375,60.02415],[28.36324,60.02459],[28.36233,60.02482]],[[28.36333,60.0189],[28.36312,60.01912],[28.36256,60.01905],[28.36333,60.0189]],[[28.36245,60.01876],[28.36263,60.01817],[28.36324,60.01848],[28.36245,60.01876]],[[28.36287,60.02266],[28.36249,60.02252],[28.36202,60.02235],[28.3619,60.0221],[28.36287,60.02266]],[[28.36207,60.02168],[28.36202,60.02137],[28.36263,60.0212],[28.36207,60.02168]],[[28.36248,60.02195],[28.36232,60.02171],[28.36261,60.02189],[28.36248,60.02195]],[[28.36208,60.02045],[28.36147,60.02026],[28.36246,60.0205],[28.36208,60.02045]],[[28.36243,60.02323],[28.36231,60.02289],[28.36241,60.02289],[28.36243,60.02323]],[[28.3617,60.01819],[28.36175,60.01779],[28.36203,60.01828],[28.3617,60.01819]],[[28.36165,60.01935],[28.3617,60.01921],[28.36189,60.01934],[28.36165,60.01935]],[[28.36135,60.02561],[28.36112,60.02554],[28.36137,60.02554],[28.36135,60.02561]],[[28.36111,60.02544],[28.36091,60.02534],[28.36122,60.02542],[28.36111,60.02544]],[[28.36082,60.02636],[28.36105,60.02615],[28.36121,60.02628],[28.36082,60.02636]],[[28.36083,60.02193],[28.36078,60.02165],[28.36104,60.02191],[28.36083,60.02193]],[[28.35967,60.02042],[28.3601,60.01996],[28.36064,60.02022],[28.36053,60.02033],[28.35967,60.02042]],[[28.36035,60.01763],[28.36007,60.01748],[28.36046,60.01723],[28.36035,60.01763]],[[28.35924,60.03024],[28.35702,60.03025],[28.35669,60.02937],[28.35793,60.02855],[28.359,60.02822],[28.35999,60.02816],[28.35924,60.03024]],[[28.35967,60.02195],[28.35947,60.02191],[28.36007,60.02182],[28.35967,60.02195]],[[28.35821,60.44672],[28.3594,60.44711],[28.36002,60.44891],[28.35878,60.4488],[28.35788,60.45114],[28.35385,60.45166],[28.35457,60.44902],[28.35821,60.44672]],[[28.35981,60.02731],[28.35959,60.02719],[28.35979,60.02713],[28.35981,60.02731]],[[28.35964,60.01954],[28.3595,60.01925],[28.3599,60.01912],[28.35964,60.01954]],[[28.3597,60.01744],[28.35966,60.01733],[28.35986,60.01735],[28.3597,60.01744]],[[28.35953,60.02386],[28.35937,60.0236],[28.35986,60.02383],[28.35953,60.02386]],[[28.35915,60.02619],[28.35926,60.02583],[28.3597,60.02598],[28.35915,60.02619]],[[28.3559,60.01865],[28.35912,60.01757],[28.3594,60.01806],[28.35643,60.01849],[28.35682,60.01908],[28.35578,60.01946],[28.3559,60.01865]],[[28.35912,60.02187],[28.35916,60.02174],[28.35934,60.02186],[28.35912,60.02187]],[[28.35912,60.01922],[28.35872,60.01916],[28.35903,60.01897],[28.35912,60.01922]],[[28.35877,60.02241],[28.35878,60.02196],[28.35907,60.02211],[28.35877,60.02241]],[[28.35844,60.02048],[28.35863,60.02028],[28.35884,60.0203],[28.35844,60.02048]],[[28.35834,60.02434],[28.35883,60.02416],[28.35833,60.02451],[28.35834,60.02434]],[[28.35826,60.02176],[28.3583,60.02139],[28.35877,60.02163],[28.35826,60.02176]],[[28.3582,60.02235],[28.35844,60.0221],[28.35852,60.02227],[28.3582,60.02235]],[[28.35815,60.02472],[28.35834,60.02456],[28.35845,60.0248],[28.35815,60.02472]],[[28.35771,60.02225],[28.35785,60.02215],[28.35791,60.0222],[28.35771,60.02225]],[[28.35737,60.02277],[28.35752,60.02246],[28.35761,60.02265],[28.35737,60.02277]],[[28.35667,60.03028],[28.35562,60.03145],[28.35455,60.03096],[28.35667,60.03028]],[[28.35678,60.0199],[28.35682,60.01974],[28.35692,60.01983],[28.35678,60.0199]],[[28.35687,60.01785],[28.3566,60.0177],[28.35677,60.01772],[28.35687,60.01785]],[[28.35642,60.02396],[28.3563,60.02374],[28.3565,60.02388],[28.35642,60.02396]],[[28.35606,60.02451],[28.35593,60.02432],[28.35611,60.02444],[28.35606,60.02451]],[[28.3558,60.03173],[28.35533,60.03165],[28.35603,60.03157],[28.3558,60.03173]],[[28.35573,60.01849],[28.35566,60.01856],[28.35563,60.01849],[28.35573,60.01849]],[[28.35584,60.02351],[28.35562,60.02329],[28.35578,60.02329],[28.35584,60.02351]],[[28.35507,60.02053],[28.35522,60.02043],[28.35523,60.02061],[28.35507,60.02053]],[[28.35487,60.02586],[28.35485,60.02565],[28.355,60.02577],[28.35487,60.02586]],[[28.35271,60.02955],[28.35472,60.03159],[28.35233,60.03231],[28.35329,60.03068],[28.35158,60.03099],[28.35254,60.03003],[28.3513,60.03007],[28.35071,60.02951],[28.35271,60.02955]],[[28.35445,60.01585],[28.35451,60.0157],[28.35474,60.0158],[28.35445,60.01585]],[[28.35448,60.0202],[28.35429,60.01968],[28.35444,60.01935],[28.35467,60.0195],[28.35448,60.0202]],[[28.35264,60.01979],[28.35396,60.01867],[28.35454,60.01845],[28.35264,60.01979]],[[28.35214,60.0214],[28.35301,60.02156],[28.35357,60.02084],[28.3542,60.02084],[28.35406,60.02187],[28.35214,60.0214]],[[28.3539,60.01616],[28.35382,60.01611],[28.35393,60.01577],[28.3539,60.01616]],[[28.35018,60.01729],[28.35297,60.01574],[28.35322,60.01658],[28.35214,60.01688],[28.35304,60.01878],[28.34894,60.01917],[28.3484,60.01683],[28.35018,60.01729]],[[28.35311,60.0269],[28.35311,60.02674],[28.35324,60.02679],[28.35311,60.0269]],[[28.35253,60.02125],[28.35267,60.02101],[28.35274,60.02121],[28.35253,60.02125]],[[28.35189,60.02229],[28.35214,60.02176],[28.35236,60.02224],[28.35189,60.02229]],[[28.35218,60.03267],[28.35152,60.03252],[28.35224,60.03251],[28.35218,60.03267]],[[28.35215,60.02426],[28.35194,60.02412],[28.35204,60.02405],[28.35215,60.02426]],[[28.35181,60.01987],[28.35147,60.01967],[28.35156,60.01963],[28.35181,60.01987]],[[28.3513,60.03377],[28.35161,60.03361],[28.35166,60.03376],[28.3513,60.03377]],[[28.35059,60.0226],[28.35068,60.02138],[28.35153,60.02185],[28.35059,60.0226]],[[28.35115,60.02678],[28.35077,60.0265],[28.35123,60.02668],[28.35115,60.02678]],[[28.35035,60.03393],[28.35102,60.03448],[28.35071,60.03496],[28.35027,60.03483],[28.35035,60.03393]],[[28.35078,60.02441],[28.35061,60.02431],[28.35046,60.02423],[28.3504,60.02413],[28.35078,60.02441]],[[28.35069,60.02011],[28.35059,60.02025],[28.35058,60.02011],[28.35069,60.02011]],[[28.3506,60.02471],[28.35048,60.0247],[28.3506,60.02464],[28.3506,60.02471]],[[28.34955,60.02119],[28.34996,60.02088],[28.35045,60.02054],[28.34955,60.02119]],[[28.35028,60.02871],[28.35043,60.0286],[28.35036,60.02871],[28.35028,60.02871]],[[28.34992,60.02811],[28.35042,60.02795],[28.35042,60.02825],[28.34992,60.02811]],[[28.35023,60.02385],[28.35019,60.02373],[28.35039,60.02387],[28.35023,60.02385]],[[28.35024,60.03315],[28.35002,60.03303],[28.35031,60.0331],[28.35024,60.03315]],[[28.35015,60.0251],[28.34994,60.02501],[28.3503,60.02493],[28.35015,60.0251]],[[28.35029,60.02216],[28.34999,60.02211],[28.35027,60.02212],[28.35029,60.02216]],[[28.34459,60.03492],[28.34722,60.03348],[28.34616,60.03289],[28.34705,60.0322],[28.3489,60.03212],[28.34791,60.03296],[28.34916,60.03212],[28.3502,60.03236],[28.34924,60.03237],[28.34767,60.03524],[28.34459,60.03492]],[[28.35015,60.02647],[28.34992,60.02665],[28.34963,60.02629],[28.35015,60.02647]],[[28.34965,60.0278],[28.3498,60.02762],[28.34995,60.02792],[28.34965,60.0278]],[[28.34948,60.02913],[28.34964,60.02896],[28.34982,60.02906],[28.34948,60.02913]],[[28.34957,60.02674],[28.34971,60.02678],[28.34948,60.02684],[28.34957,60.02674]],[[28.34967,60.02756],[28.34948,60.02744],[28.3496,60.0274],[28.34967,60.02756]],[[28.34928,60.02265],[28.34927,60.02235],[28.34958,60.02259],[28.34928,60.02265]],[[28.34941,60.02845],[28.34938,60.02822],[28.3495,60.02822],[28.34941,60.02845]],[[28.34906,60.02867],[28.34907,60.02843],[28.3494,60.02867],[28.34906,60.02867]],[[28.34727,60.01448],[28.34881,60.01412],[28.34935,60.01619],[28.34727,60.01448]],[[28.34921,60.02932],[28.34893,60.02927],[28.34898,60.02913],[28.34921,60.02932]],[[28.34908,60.02957],[28.34896,60.0295],[28.34911,60.02951],[28.34908,60.02957]],[[28.34896,60.03143],[28.34856,60.03162],[28.34896,60.0313],[28.34896,60.03143]],[[28.34875,60.01931],[28.34855,60.0193],[28.34874,60.01926],[28.34875,60.01931]],[[28.34855,60.02308],[28.34856,60.02301],[28.34871,60.02303],[28.34855,60.02308]],[[28.34806,60.0136],[28.34792,60.01183],[28.34836,60.01154],[28.3485,60.01314],[28.34806,60.0136]],[[28.34809,60.01963],[28.34812,60.01942],[28.34837,60.01945],[28.34809,60.01963]],[[28.34736,60.02874],[28.34826,60.02814],[28.34748,60.02929],[28.34736,60.02874]],[[28.34822,60.023],[28.34763,60.02288],[28.34823,60.02297],[28.34822,60.023]],[[28.34807,60.01977],[28.34775,60.01983],[28.34775,60.01974],[28.34807,60.01977]],[[28.34693,60.02508],[28.34799,60.02579],[28.34768,60.02811],[28.34751,60.02557],[28.34693,60.02508]],[[28.34779,60.01762],[28.34775,60.01752],[28.34791,60.01755],[28.34779,60.01762]],[[28.34716,60.02341],[28.34744,60.02324],[28.34749,60.02335],[28.34716,60.02341]],[[28.34727,60.02009],[28.34688,60.01991],[28.34728,60.02001],[28.34727,60.02009]],[[28.34701,60.02595],[28.3468,60.02582],[28.34706,60.0259],[28.34701,60.02595]],[[28.34624,60.01786],[28.34624,60.01763],[28.34669,60.0179],[28.34624,60.01786]],[[28.3462,60.02732],[28.34636,60.02688],[28.34628,60.0274],[28.3462,60.02732]],[[28.34627,60.01718],[28.34633,60.017],[28.34633,60.01711],[28.34627,60.01718]],[[28.3452,60.0161],[28.34555,60.01572],[28.34567,60.01633],[28.3452,60.0161]],[[28.34469,60.0187],[28.34505,60.01796],[28.3453,60.01844],[28.34469,60.0187]],[[28.34389,60.03289],[28.34405,60.03213],[28.34419,60.03283],[28.34496,60.03292],[28.34516,60.03337],[28.34389,60.03289]],[[28.34406,60.02525],[28.34344,60.02399],[28.34514,60.0246],[28.34406,60.02525]],[[28.34465,60.01966],[28.34495,60.01981],[28.34402,60.01984],[28.34465,60.01966]],[[28.34458,60.02026],[28.34451,60.01996],[28.34477,60.02017],[28.34458,60.02026]],[[28.34273,60.02357],[28.3433,60.02334],[28.34433,60.02353],[28.34352,60.02387],[28.34273,60.02357]],[[28.34382,60.02611],[28.34364,60.02585],[28.34394,60.02611],[28.34382,60.02611]],[[28.34282,60.03412],[28.34319,60.03391],[28.34358,60.03413],[28.34282,60.03412]],[[28.34323,60.01656],[28.3428,60.01645],[28.34326,60.01641],[28.34323,60.01656]],[[28.34278,60.0234],[28.34251,60.02352],[28.34234,60.02349],[28.34278,60.0234]],[[28.34017,60.02618],[28.34248,60.02876],[28.34137,60.02942],[28.34146,60.03165],[28.3402,60.03071],[28.34117,60.02988],[28.34029,60.02947],[28.34201,60.02888],[28.34055,60.02782],[28.34017,60.02618]],[[28.34222,60.03441],[28.34192,60.03438],[28.34229,60.03435],[28.34222,60.03441]],[[28.3408,60.02373],[28.34064,60.02368],[28.34102,60.02367],[28.3408,60.02373]],[[28.33608,60.0343],[28.33693,60.03336],[28.34097,60.03267],[28.3365,60.03441],[28.33608,60.0343]],[[28.33986,60.03158],[28.33981,60.03141],[28.33997,60.03157],[28.33986,60.03158]],[[28.33917,60.03566],[28.33956,60.03546],[28.33948,60.03586],[28.33917,60.03566]],[[28.33945,60.03508],[28.33933,60.03525],[28.33929,60.03514],[28.33945,60.03508]],[[28.3392,60.02321],[28.33903,60.02288],[28.33941,60.02312],[28.3392,60.02321]],[[28.33724,60.02575],[28.33784,60.02556],[28.33934,60.02641],[28.33845,60.0269],[28.33724,60.02575]],[[28.33893,60.03449],[28.33847,60.03462],[28.3385,60.0345],[28.33893,60.03449]],[[28.33654,60.03217],[28.33844,60.03108],[28.33895,60.0313],[28.338,60.03195],[28.33654,60.03217]],[[28.33591,60.02506],[28.33623,60.02378],[28.33684,60.02481],[28.33591,60.02506]],[[28.33673,60.02974],[28.33642,60.02968],[28.3368,60.02964],[28.33673,60.02974]],[[28.33666,60.02523],[28.33636,60.02511],[28.33675,60.0252],[28.33666,60.02523]],[[28.33152,60.0168],[28.33257,60.01718],[28.33212,60.01821],[28.33387,60.02137],[28.33623,60.02357],[28.33451,60.02324],[28.33342,60.02184],[28.33139,60.01841],[28.33152,60.0168]],[[28.33606,60.03027],[28.33575,60.03026],[28.33594,60.03014],[28.33606,60.03027]],[[28.33199,60.01568],[28.33116,60.01558],[28.33165,60.01494],[28.33199,60.01568]],[[28.32973,60.02445],[28.32991,60.02395],[28.33035,60.02396],[28.32973,60.02445]],[[28.32798,60.0257],[28.32949,60.02504],[28.32852,60.02565],[28.32798,60.0257]],[[28.32878,60.02011],[28.3279,60.01857],[28.32914,60.01917],[28.32878,60.02011]],[[28.32849,60.01712],[28.32842,60.01683],[28.32866,60.01683],[28.32849,60.01712]],[[28.32019,60.01719],[28.31956,60.01824],[28.32001,60.01659],[28.31818,60.0151],[28.31668,60.01619],[28.31331,60.01478],[28.31458,60.01445],[28.31479,60.01326],[28.31684,60.01347],[28.31621,60.01389],[28.31686,60.01421],[28.31705,60.0134],[28.3197,60.01329],[28.31919,60.01395],[28.32035,60.01482],[28.32199,60.01363],[28.32298,60.01516],[28.32576,60.01604],[28.32502,60.01673],[28.3277,60.01719],[28.32752,60.01919],[28.32457,60.01783],[28.3244,60.01916],[28.32324,60.01895],[28.32019,60.01719]],[[28.3274,60.02675],[28.32699,60.02657],[28.32747,60.02647],[28.3274,60.02675]],[[28.32717,60.01967],[28.32706,60.01936],[28.32745,60.01952],[28.32717,60.01967]],[[28.32582,60.01939],[28.32525,60.01866],[28.32569,60.01895],[28.32582,60.01939]],[[28.32497,60.01883],[28.32477,60.01897],[28.32475,60.01888],[28.32497,60.01883]],[[28.32139,60.01892],[28.32181,60.01857],[28.32251,60.01877],[28.32139,60.01892]],[[28.32159,60.0197],[28.32181,60.01924],[28.32182,60.01971],[28.32159,60.0197]],[[28.32117,60.01996],[28.32171,60.0199],[28.32127,60.02086],[28.32117,60.01996]],[[28.32015,60.02147],[28.32002,60.02119],[28.3204,60.02127],[28.32015,60.02147]],[[28.31965,60.02726],[28.32009,60.02703],[28.32007,60.02733],[28.31965,60.02726]],[[28.31887,60.02248],[28.31967,60.02233],[28.31993,60.0228],[28.31965,60.02282],[28.31887,60.02248]],[[28.31856,60.03365],[28.31848,60.03349],[28.31921,60.03354],[28.31856,60.03365]],[[28.31819,60.01724],[28.31815,60.01696],[28.31837,60.01702],[28.31819,60.01724]],[[28.31697,60.02173],[28.31797,60.02095],[28.31819,60.02113],[28.31697,60.02173]],[[28.31589,60.01785],[28.31698,60.01772],[28.31704,60.01789],[28.31589,60.01785]],[[28.31426,60.01703],[28.31453,60.01643],[28.31514,60.01662],[28.31426,60.01703]],[[28.31338,60.02416],[28.31343,60.02345],[28.3143,60.02369],[28.31338,60.02416]],[[28.31135,60.02572],[28.31301,60.02579],[28.3125,60.02587],[28.31135,60.02572]],[[28.30875,60.03432],[28.30845,60.03377],[28.31006,60.03366],[28.30875,60.03432]],[[28.30497,60.0211],[28.30868,60.02014],[28.30915,60.02056],[28.30535,60.02186],[28.30497,60.0211]],[[28.30443,60.02014],[28.30405,60.02019],[28.30448,60.02008],[28.30443,60.02014]],[[28.30439,60.01973],[28.3018,60.01836],[28.30252,60.01706],[28.30403,60.01794],[28.30439,60.01973]],[[28.13622,60.40405],[28.13701,60.4037],[28.13685,60.40438],[28.13622,60.40405]],[[28.10082,59.79544],[28.10176,59.79313],[28.10183,59.79543],[28.10082,59.79544]],[[28.10045,59.79979],[28.10097,59.80004],[28.10046,59.80005],[28.10045,59.79979]],[[28.10016,59.79084],[28.10072,59.79237],[28.09975,59.79391],[28.09874,59.79392],[28.09687,59.79138],[28.10016,59.79084]],[[28.09997,59.80056],[28.10047,59.8003],[28.10048,59.80056],[28.09997,59.80056]],[[28.09636,60.47808],[28.09967,60.47817],[28.09942,60.48071],[28.10038,60.48163],[28.09755,60.48187],[28.0978,60.47983],[28.09636,60.47808]],[[28.09808,59.79751],[28.09984,59.79673],[28.09791,59.79981],[28.09808,59.79751]],[[28.09704,59.8043],[28.09808,59.80493],[28.09558,59.80597],[28.09303,59.80573],[28.09704,59.8043]],[[28.09021,59.8128],[28.09029,59.81523],[28.08623,59.81552],[28.08627,59.81655],[28.08525,59.81655],[28.08521,59.81527],[28.08825,59.81487],[28.09021,59.8128]],[[28.08892,59.80398],[28.08844,59.80527],[28.08541,59.8058],[28.08587,59.80439],[28.08892,59.80398]],[[28.08744,59.80579],[28.08846,59.80578],[28.08745,59.80604],[28.08744,59.80579]],[[28.08593,59.80605],[28.08672,59.80707],[28.08552,59.80913],[28.08399,59.80889],[28.08403,59.81017],[28.07541,59.81075],[28.08446,59.80786],[28.08494,59.80683],[28.08391,59.80658],[28.08593,59.80605]],[[28.08586,59.80401],[28.08636,59.80375],[28.08637,59.804],[28.08586,59.80401]],[[28.08468,59.79029],[28.08536,59.79047],[28.08447,59.7906],[28.08468,59.79029]],[[28.08389,59.78646],[28.08357,59.78728],[28.08295,59.78669],[28.08389,59.78646]],[[28.04541,60.01654],[28.06023,60.01746],[28.05124,60.02098],[28.03881,60.02088],[28.03169,60.0226],[28.02058,60.02346],[28.01489,60.02522],[28.00867,60.02858],[28.00933,60.02949],[28.00757,60.03139],[28.01004,60.03236],[28.00901,60.03333],[28.0099,60.03441],[28.00765,60.03421],[28.00453,60.03779],[28.00489,60.03563],[28.00055,60.03722],[27.99896,60.03722],[28.00353,60.03596],[28.00407,60.03406],[28.00536,60.03377],[28.00276,60.03314],[28.00189,60.03434],[28.0024,60.03498],[28.00106,60.03589],[27.99812,60.03559],[27.99574,60.03271],[27.9982,60.03346],[27.99842,60.03258],[28.00072,60.03226],[27.99802,60.03191],[27.99816,60.02979],[27.99515,60.02913],[27.99636,60.02885],[27.99541,60.0282],[27.99621,60.028],[27.99368,60.02766],[27.99543,60.02726],[27.99491,60.02616],[27.99964,60.02512],[28.00011,60.02462],[27.99924,60.02416],[28.00053,60.02405],[28.00154,60.02295],[28.00102,60.02241],[28.00462,60.02165],[28.00396,60.02067],[28.00973,60.0225],[28.02253,60.02194],[28.02851,60.02065],[28.03313,60.01784],[28.03848,60.01799],[28.04541,60.01654]],[[28.00764,60.03631],[28.00699,60.03589],[28.00826,60.03612],[28.00764,60.03631]],[[27.99637,60.02474],[27.99692,60.02499],[27.99686,60.02536],[27.99637,60.02474]],[[27.9965,60.0349],[27.99669,60.03476],[27.99692,60.03483],[27.9965,60.0349]],[[27.99636,60.03479],[27.99596,60.0347],[27.9965,60.03462],[27.99636,60.03479]],[[27.99061,60.03159],[27.99134,60.03136],[27.99438,60.03188],[27.99166,60.03154],[27.99061,60.03159]],[[27.99295,60.03285],[27.99323,60.03279],[27.99273,60.03293],[27.99295,60.03285]],[[27.95621,60.24355],[27.95725,60.24418],[27.95793,60.2472],[27.95593,60.24799],[27.95329,60.24605],[27.95368,60.24486],[27.95621,60.24355]],[[27.95006,60.4066],[27.94788,60.40882],[27.94738,60.40868],[27.94771,60.40717],[27.95006,60.4066]],[[27.94475,60.40855],[27.94524,60.40813],[27.94542,60.40852],[27.94475,60.40855]],[[27.94476,60.40877],[27.94438,60.40867],[27.94526,60.40868],[27.94476,60.40877]],[[27.94306,60.4082],[27.94498,60.40918],[27.94296,60.41011],[27.94306,60.4082]],[[27.94282,60.40795],[27.94024,60.40912],[27.93841,60.40889],[27.93906,60.40784],[27.94417,60.40611],[27.94282,60.40795]],[[27.9365,60.40584],[27.93887,60.40461],[27.9393,60.40579],[27.93671,60.40731],[27.9365,60.40584]],[[27.93413,60.40467],[27.93523,60.40292],[27.93622,60.40354],[27.93413,60.40467]],[[27.93562,60.4046],[27.93598,60.40439],[27.93615,60.40446],[27.93562,60.4046]],[[27.93077,60.40481],[27.93196,60.40303],[27.93399,60.40396],[27.93282,60.40511],[27.93077,60.40481]],[[27.9316,60.40588],[27.93281,60.40634],[27.93075,60.40624],[27.9316,60.40588]],[[27.92991,60.40445],[27.92961,60.40511],[27.9297,60.40445],[27.92991,60.40445]],[[27.92684,60.40382],[27.92659,60.40479],[27.92546,60.40447],[27.92553,60.404],[27.92684,60.40382]],[[27.91628,60.42228],[27.9191,60.42152],[27.91827,60.42272],[27.91639,60.42335],[27.91628,60.42228]],[[27.80514,60.01333],[27.80826,60.01288],[27.81011,60.01095],[27.81061,60.00717],[27.80448,60.00307],[27.79624,60.00055],[27.79557,59.99836],[27.79398,59.99787],[27.7936,59.99423],[27.7963,59.99326],[27.80029,59.99384],[27.80292,59.99195],[27.80587,59.99127],[27.80736,59.98891],[27.80707,59.98756],[27.80544,59.98706],[27.81612,59.98551],[27.81946,59.9865],[27.8214,59.98606],[27.82189,59.98519],[27.82095,59.98492],[27.82188,59.98497],[27.82121,59.98385],[27.82228,59.98325],[27.8221,59.98216],[27.82698,59.98126],[27.83367,59.98289],[27.8393,59.98573],[27.85111,59.98787],[27.85041,59.98814],[27.85094,59.98951],[27.85608,59.99129],[27.85797,59.99334],[27.85856,59.99502],[27.8577,59.9982],[27.85976,60.00049],[27.86735,60.00232],[27.8755,60.00281],[27.88354,60.00146],[27.88305,59.99897],[27.88507,59.99819],[27.88486,59.99416],[27.88869,59.99036],[27.89048,59.99022],[27.89042,59.98818],[27.88861,59.98635],[27.88972,59.98511],[27.88945,59.98395],[27.88787,59.98336],[27.89032,59.98339],[27.88938,59.98225],[27.89106,59.98087],[27.89153,59.98642],[27.8932,59.98626],[27.89213,59.98917],[27.89454,59.99038],[27.8928,59.99168],[27.89576,59.99571],[27.89761,59.99629],[27.89642,59.99727],[27.8976,59.99774],[27.89591,59.99798],[27.8962,60.00019],[27.89786,60.0034],[27.89984,60.00408],[27.89595,60.00433],[27.89426,60.00594],[27.89389,60.00871],[27.89204,60.01053],[27.89273,60.01074],[27.88716,60.01162],[27.88677,60.01291],[27.88467,60.01383],[27.88508,60.01451],[27.88424,60.01421],[27.88241,60.00998],[27.88114,60.01039],[27.88163,60.01192],[27.88073,60.01254],[27.88032,60.01118],[27.87707,60.01161],[27.87611,60.01072],[27.8789,60.01029],[27.87812,60.00903],[27.88024,60.00846],[27.87646,60.00827],[27.87818,60.00715],[27.87546,60.0053],[27.87007,60.00494],[27.86597,60.0058],[27.8665,60.00673],[27.86246,60.00622],[27.85935,60.00744],[27.85831,60.0104],[27.85629,60.01169],[27.85357,60.016],[27.8478,60.01945],[27.84769,60.02125],[27.83873,60.02174],[27.83581,60.02039],[27.8291,60.02194],[27.82476,60.02482],[27.82938,60.03008],[27.82826,60.03348],[27.83066,60.03476],[27.82919,60.03595],[27.82868,60.03535],[27.82759,60.03536],[27.82824,60.0356],[27.82423,60.0381],[27.82341,60.03813],[27.82549,60.03697],[27.82478,60.0363],[27.8257,60.03517],[27.82153,60.03287],[27.81957,60.03369],[27.81989,60.03466],[27.81476,60.03607],[27.81648,60.0343],[27.81507,60.03412],[27.81588,60.03323],[27.81431,60.03344],[27.81832,60.03102],[27.81357,60.0309],[27.81916,60.03042],[27.82037,60.03128],[27.81883,60.03184],[27.82313,60.03121],[27.82603,60.03266],[27.82733,60.02945],[27.82559,60.02721],[27.82268,60.02687],[27.8202,60.02836],[27.81939,60.02614],[27.81734,60.02576],[27.81559,60.02332],[27.81222,60.022],[27.81123,60.0223],[27.81161,60.02374],[27.8137,60.02592],[27.81401,60.02782],[27.80939,60.02868],[27.80731,60.02798],[27.81043,60.02785],[27.81118,60.027],[27.80527,60.02609],[27.80781,60.02544],[27.81012,60.02315],[27.80787,60.02308],[27.8094,60.02227],[27.80757,60.02166],[27.80863,60.02065],[27.80799,60.01871],[27.80386,60.02072],[27.8038,60.02234],[27.8058,60.0233],[27.80211,60.0251],[27.79769,60.02576],[27.80033,60.02398],[27.7981,60.02308],[27.79696,60.02424],[27.7952,60.02277],[27.8015,60.01972],[27.80247,60.01612],[27.80496,60.01495],[27.80583,60.01401],[27.80514,60.01333]],[[27.87985,60.01635],[27.87622,60.02002],[27.87911,60.01508],[27.87985,60.01635]],[[27.8314,59.97375],[27.83279,59.97454],[27.83102,59.97392],[27.8314,59.97375]],[[27.82871,59.96852],[27.83084,59.9688],[27.8327,59.97155],[27.82954,59.97162],[27.83018,59.97087],[27.82891,59.97072],[27.8312,59.97067],[27.82969,59.97017],[27.83024,59.96977],[27.82871,59.96852]],[[27.82717,59.97782],[27.82908,59.97814],[27.82951,59.9792],[27.82896,59.97839],[27.82717,59.97782]],[[27.81124,60.03028],[27.81251,60.0314],[27.81099,60.03197],[27.81097,60.03095],[27.80931,60.0308],[27.81124,60.03028]],[[27.80702,60.02855],[27.80654,60.02907],[27.80808,60.02959],[27.8069,60.03042],[27.80731,60.02974],[27.80616,60.02902],[27.80702,60.02855]],[[27.79088,60.01763],[27.78987,60.01801],[27.7899,60.01772],[27.79088,60.01763]],[[27.71171,60.41634],[27.71446,60.41665],[27.71137,60.41718],[27.71171,60.41634]],[[27.71375,60.39106],[27.71402,60.3908],[27.71436,60.39096],[27.71375,60.39106]],[[27.71069,60.4222],[27.71428,60.42389],[27.71323,60.426],[27.71056,60.42399],[27.71069,60.4222]],[[27.70968,60.41848],[27.71383,60.41867],[27.71298,60.42106],[27.708,60.42111],[27.70772,60.42022],[27.70968,60.41848]],[[27.7079,60.42237],[27.70903,60.4221],[27.70904,60.42231],[27.7079,60.42237]],[[27.70759,60.42267],[27.70819,60.42278],[27.70653,60.4233],[27.70759,60.42267]],[[27.70675,60.40457],[27.70661,60.40425],[27.70717,60.40428],[27.70675,60.40457]],[[27.70254,60.40355],[27.70226,60.40263],[27.7036,60.40226],[27.70588,60.40359],[27.70254,60.40355]],[[27.69715,60.3989],[27.69816,60.39856],[27.69837,60.3986],[27.69715,60.3989]],[[27.69573,60.39992],[27.6963,60.39944],[27.69674,60.39965],[27.69573,60.39992]],[[27.69634,60.40152],[27.69663,60.40134],[27.69668,60.40149],[27.69634,60.40152]],[[27.68881,60.42165],[27.68989,60.4206],[27.69142,60.42117],[27.68881,60.42165]],[[27.68747,60.41953],[27.6878,60.41889],[27.69071,60.41856],[27.69062,60.41916],[27.68747,60.41953]],[[27.68928,60.42076],[27.68946,60.42064],[27.68952,60.42068],[27.68928,60.42076]],[[27.67903,60.39492],[27.67991,60.3944],[27.68005,60.39446],[27.67903,60.39492]],[[27.67938,60.20923],[27.6784,60.2097],[27.67789,60.20952],[27.67851,60.20923],[27.67938,60.20923]],[[27.67908,60.20862],[27.67747,60.20903],[27.6759,60.20899],[27.67766,60.20851],[27.67908,60.20862]],[[27.67734,60.20994],[27.67768,60.21013],[27.67734,60.21007],[27.67734,60.20994]],[[27.64306,60.20511],[27.6448,60.20682],[27.64607,60.20562],[27.6528,60.20706],[27.65022,60.20811],[27.65017,60.20941],[27.64906,60.20903],[27.64891,60.20788],[27.64645,60.20728],[27.64289,60.20764],[27.64534,60.20948],[27.63407,60.20812],[27.64022,60.20768],[27.63671,60.20706],[27.63892,60.20554],[27.64306,60.20511]],[[27.64294,60.2044],[27.64327,60.20457],[27.64286,60.20456],[27.64294,60.2044]],[[27.64184,60.20369],[27.64168,60.20429],[27.64122,60.20383],[27.64184,60.20369]],[[27.62678,60.38212],[27.62636,60.38182],[27.62814,60.38184],[27.62678,60.38212]],[[27.62441,60.33109],[27.62471,60.33095],[27.62475,60.33096],[27.62441,60.33109]],[[27.6242,60.38539],[27.62456,60.38526],[27.62466,60.38528],[27.6242,60.38539]],[[27.62361,60.33152],[27.62127,60.33108],[27.62424,60.331],[27.62361,60.33152]],[[27.6228,60.3855],[27.62264,60.38528],[27.62313,60.38536],[27.6228,60.3855]],[[27.62103,60.38589],[27.62152,60.38561],[27.6218,60.38561],[27.62103,60.38589]],[[27.60982,60.33068],[27.60976,60.32981],[27.61153,60.3296],[27.61124,60.33077],[27.60982,60.33068]],[[27.60262,60.38916],[27.60292,60.38886],[27.60311,60.38899],[27.60262,60.38916]],[[27.55729,60.38758],[27.55683,60.38733],[27.55744,60.38746],[27.55729,60.38758]],[[27.55179,60.32779],[27.55269,60.32779],[27.55284,60.32787],[27.55179,60.32779]],[[27.55087,60.32831],[27.55229,60.32802],[27.55256,60.32834],[27.55087,60.32831]],[[27.53666,60.37756],[27.53939,60.37724],[27.5363,60.3781],[27.53666,60.37756]],[[27.53448,60.38024],[27.53376,60.38103],[27.53203,60.38116],[27.53305,60.38011],[27.53448,60.38024]],[[27.53203,60.33038],[27.53281,60.33168],[27.53123,60.33093],[27.53203,60.33038]],[[27.53136,60.3319],[27.53147,60.33167],[27.53164,60.33185],[27.53136,60.3319]],[[27.53034,60.33148],[27.53061,60.33166],[27.53024,60.33159],[27.53034,60.33148]],[[27.52277,60.3806],[27.52641,60.3796],[27.52714,60.38045],[27.5257,60.3814],[27.52277,60.3806]],[[27.51673,60.35016],[27.51715,60.35071],[27.51668,60.35067],[27.51673,60.35016]],[[27.514,60.33923],[27.51362,60.33927],[27.51405,60.33918],[27.514,60.33923]],[[27.51241,60.3392],[27.51181,60.33936],[27.51164,60.33921],[27.51241,60.3392]],[[27.51095,60.33961],[27.51127,60.33992],[27.51073,60.33989],[27.51095,60.33961]],[[27.50609,60.37838],[27.51153,60.3779],[27.50578,60.38064],[27.50735,60.38155],[27.50546,60.38329],[27.5064,60.38382],[27.50202,60.38446],[27.49928,60.38377],[27.50427,60.38212],[27.50482,60.38101],[27.5028,60.38114],[27.50524,60.38015],[27.50609,60.37838]],[[27.50879,60.37107],[27.50904,60.37143],[27.50875,60.37141],[27.50879,60.37107]],[[27.50512,60.3724],[27.50845,60.37147],[27.50882,60.37191],[27.50512,60.3724]],[[27.50783,60.36456],[27.50799,60.36465],[27.50781,60.36464],[27.50783,60.36456]],[[27.50762,60.36433],[27.50746,60.36449],[27.50743,60.36435],[27.50762,60.36433]],[[27.50706,60.36517],[27.50713,60.36493],[27.50737,60.36495],[27.50706,60.36517]],[[27.50664,60.36518],[27.50611,60.36677],[27.50339,60.36711],[27.5051,60.36521],[27.50664,60.36518]],[[27.50446,60.38037],[27.50463,60.38035],[27.50466,60.38036],[27.50446,60.38037]],[[27.50449,60.33333],[27.50387,60.33392],[27.50372,60.33389],[27.50449,60.33333]],[[27.49458,60.36525],[27.50044,60.36338],[27.50179,60.36429],[27.49786,60.36693],[27.49358,60.36635],[27.49458,60.36525]],[[27.49741,60.40655],[27.50049,60.40647],[27.50104,60.40888],[27.4989,60.40903],[27.49892,60.40757],[27.49741,60.40655]],[[27.5003,60.41392],[27.50044,60.41474],[27.49761,60.41553],[27.49558,60.41388],[27.49632,60.41324],[27.5003,60.41392]],[[27.49992,60.38493],[27.49963,60.38482],[27.49999,60.38486],[27.49992,60.38493]],[[27.49556,60.38659],[27.49939,60.38618],[27.49692,60.38769],[27.49729,60.38709],[27.49556,60.38659]],[[27.49932,60.40575],[27.49878,60.40564],[27.49937,60.40571],[27.49932,60.40575]],[[27.49828,60.38536],[27.49836,60.38528],[27.49843,60.38529],[27.49828,60.38536]],[[27.49796,60.38726],[27.49805,60.38713],[27.49818,60.38714],[27.49796,60.38726]],[[27.49695,60.37611],[27.49757,60.37576],[27.49765,60.37581],[27.49695,60.37611]],[[27.49488,60.40966],[27.49708,60.40918],[27.49746,60.40955],[27.49551,60.41089],[27.49488,60.40966]],[[27.49415,60.402],[27.49601,60.40146],[27.49686,60.40176],[27.49415,60.402]],[[27.49465,60.41604],[27.49592,60.41561],[27.49657,60.41655],[27.49462,60.41718],[27.49465,60.41604]],[[27.4942,60.38633],[27.49504,60.38591],[27.4949,60.38625],[27.4942,60.38633]],[[27.49462,60.41186],[27.49464,60.41203],[27.49455,60.41195],[27.49462,60.41186]],[[27.49272,60.37203],[27.49381,60.37185],[27.49453,60.37197],[27.49353,60.37213],[27.49272,60.37203]],[[27.48948,60.41253],[27.49314,60.41203],[27.49352,60.41322],[27.48938,60.41574],[27.48585,60.41465],[27.48948,60.41253]],[[27.49285,60.40164],[27.49286,60.40186],[27.49261,60.4017],[27.49285,60.40164]],[[27.49216,60.37195],[27.49285,60.37175],[27.49294,60.37182],[27.49216,60.37195]],[[27.48593,60.40326],[27.48663,60.4027],[27.48834,60.40305],[27.48764,60.40344],[27.48593,60.40326]],[[27.48102,60.41401],[27.48388,60.41413],[27.48064,60.41444],[27.48102,60.41401]],[[27.48159,60.40088],[27.48222,60.40026],[27.48319,60.40077],[27.48294,60.40093],[27.48159,60.40088]],[[27.48249,60.37097],[27.4819,60.372],[27.47894,60.37236],[27.47397,60.37166],[27.479,60.3704],[27.48249,60.37097]],[[27.48216,60.41372],[27.48173,60.41377],[27.48221,60.41367],[27.48216,60.41372]],[[27.48049,60.36835],[27.48049,60.36827],[27.48057,60.36832],[27.48049,60.36835]],[[27.47987,60.3465],[27.48031,60.34635],[27.48043,60.34641],[27.47987,60.3465]],[[27.47991,60.36837],[27.48018,60.36848],[27.47982,60.36843],[27.47991,60.36837]],[[27.47675,60.34685],[27.48017,60.34698],[27.47649,60.34727],[27.47675,60.34685]],[[27.47734,60.41402],[27.47934,60.41309],[27.47976,60.41319],[27.47891,60.41414],[27.47734,60.41402]],[[27.47703,60.34658],[27.47758,60.34653],[27.47769,60.3466],[27.47703,60.34658]],[[27.45795,60.35264],[27.45097,60.35224],[27.4521,60.35155],[27.45918,60.34971],[27.45648,60.35002],[27.45586,60.3491],[27.4514,60.35081],[27.45015,60.3499],[27.44858,60.35003],[27.45507,60.34794],[27.45647,60.34634],[27.46032,60.34606],[27.46256,60.34328],[27.46461,60.34231],[27.46744,60.34222],[27.46882,60.34353],[27.4687,60.34549],[27.4584,60.34774],[27.4666,60.34887],[27.46445,60.3505],[27.46475,60.35113],[27.45795,60.35264]],[[27.46856,60.34212],[27.46854,60.34187],[27.46877,60.34194],[27.46856,60.34212]],[[27.46791,60.34185],[27.46828,60.34146],[27.46849,60.34152],[27.46791,60.34185]],[[27.46778,60.34052],[27.46683,60.34146],[27.46622,60.34058],[27.46778,60.34052]],[[27.46533,60.35059],[27.46514,60.35045],[27.4655,60.35047],[27.46533,60.35059]],[[27.4622,60.34793],[27.46218,60.34785],[27.46234,60.34785],[27.4622,60.34793]],[[27.46097,60.34744],[27.46104,60.3472],[27.4615,60.34712],[27.46097,60.34744]],[[27.45456,60.34676],[27.45475,60.34671],[27.45479,60.34676],[27.45456,60.34676]],[[27.4538,60.34627],[27.45243,60.34723],[27.45164,60.34678],[27.45198,60.34657],[27.4538,60.34627]],[[27.45021,60.3469],[27.45055,60.34689],[27.45079,60.34687],[27.45044,60.34699],[27.45021,60.3469]],[[27.45036,60.34675],[27.45056,60.34666],[27.45072,60.34662],[27.45036,60.34675]],[[27.44949,60.35029],[27.44912,60.35032],[27.4495,60.35027],[27.44949,60.35029]],[[27.44908,60.35104],[27.44822,60.35088],[27.44908,60.3508],[27.44908,60.35104]],[[27.44832,60.35022],[27.44828,60.35013],[27.44837,60.35019],[27.44832,60.35022]],[[27.44795,60.35069],[27.4479,60.35055],[27.44808,60.35061],[27.44795,60.35069]],[[27.44755,60.35083],[27.44745,60.35072],[27.44784,60.35073],[27.44755,60.35083]],[[27.44548,60.34299],[27.4454,60.34262],[27.44593,60.34273],[27.44548,60.34299]],[[27.44439,60.34645],[27.44428,60.34621],[27.44449,60.3464],[27.44439,60.34645]],[[27.44093,60.35182],[27.4405,60.35031],[27.44262,60.34944],[27.44418,60.35006],[27.44093,60.35182]],[[27.44391,60.34629],[27.44389,60.34614],[27.44407,60.34617],[27.44391,60.34629]],[[27.44343,60.34612],[27.44011,60.34546],[27.44022,60.34452],[27.44232,60.34462],[27.44222,60.34578],[27.44343,60.34612]],[[27.44309,60.38573],[27.44336,60.38591],[27.44304,60.38594],[27.44309,60.38573]],[[27.42655,60.3812],[27.43379,60.38272],[27.43697,60.38446],[27.43932,60.38405],[27.43962,60.38507],[27.43874,60.38567],[27.44302,60.38684],[27.43796,60.38949],[27.43087,60.39117],[27.4307,60.39248],[27.43287,60.3934],[27.4315,60.39427],[27.42959,60.39366],[27.42951,60.39253],[27.42726,60.39178],[27.42787,60.39009],[27.42689,60.38997],[27.42855,60.38761],[27.42712,60.38647],[27.4255,60.38589],[27.42652,60.387],[27.42403,60.38766],[27.42413,60.38925],[27.42204,60.38907],[27.42365,60.38745],[27.42186,60.38633],[27.4221,60.38533],[27.42464,60.38323],[27.42417,60.38228],[27.42655,60.3812]],[[27.44258,60.34686],[27.4424,60.34676],[27.44263,60.34677],[27.44258,60.34686]],[[27.44067,60.33784],[27.44166,60.3374],[27.44203,60.33763],[27.44136,60.33822],[27.44067,60.33784]],[[27.44077,60.38895],[27.44192,60.38911],[27.44059,60.38919],[27.44077,60.38895]],[[27.43995,60.34014],[27.4401,60.33969],[27.44091,60.3399],[27.43995,60.34014]],[[27.43864,60.37446],[27.43916,60.37497],[27.43838,60.37471],[27.43864,60.37446]],[[27.43848,60.39657],[27.43876,60.39612],[27.43898,60.39627],[27.43848,60.39657]],[[27.43811,60.37465],[27.43829,60.37459],[27.43826,60.37467],[27.43811,60.37465]],[[27.43716,60.38187],[27.43573,60.38101],[27.43789,60.38149],[27.43716,60.38187]],[[27.43584,60.39795],[27.43697,60.39718],[27.43726,60.39801],[27.43584,60.39795]],[[27.43479,60.37153],[27.43499,60.37146],[27.43503,60.37148],[27.43479,60.37153]],[[27.43438,60.37172],[27.43475,60.37174],[27.43426,60.37179],[27.43438,60.37172]],[[27.4343,60.39234],[27.43407,60.3926],[27.43392,60.39238],[27.4343,60.39234]],[[27.43417,60.38056],[27.43428,60.38071],[27.434,60.38059],[27.43417,60.38056]],[[27.43222,60.32177],[27.43332,60.32125],[27.43416,60.32147],[27.43222,60.32177]],[[27.43164,60.37883],[27.43276,60.37835],[27.43312,60.37887],[27.43164,60.37883]],[[27.43269,60.37226],[27.43284,60.37237],[27.43264,60.3723],[27.43269,60.37226]],[[27.43236,60.37228],[27.43251,60.3724],[27.43231,60.37234],[27.43236,60.37228]],[[27.43162,60.37283],[27.43172,60.37302],[27.4315,60.3729],[27.43162,60.37283]],[[27.4301,60.32145],[27.43081,60.32087],[27.43189,60.32092],[27.43161,60.32138],[27.4301,60.32145]],[[27.42986,60.35291],[27.43136,60.35248],[27.42804,60.35511],[27.42249,60.35572],[27.41703,60.35431],[27.41571,60.35229],[27.41625,60.35071],[27.41739,60.35035],[27.42169,60.35186],[27.42709,60.35141],[27.42986,60.35291]],[[27.4273,60.39498],[27.42866,60.39387],[27.43066,60.3949],[27.42873,60.39561],[27.42852,60.39695],[27.42723,60.39676],[27.42824,60.39585],[27.4273,60.39498]],[[27.42263,60.34186],[27.42355,60.3408],[27.42582,60.34075],[27.42376,60.34207],[27.42263,60.34186]],[[27.42313,60.32241],[27.42102,60.32203],[27.4234,60.32055],[27.42563,60.32065],[27.42313,60.32241]],[[27.42201,60.32524],[27.42383,60.32342],[27.42506,60.32393],[27.42201,60.32524]],[[27.42308,60.32545],[27.42305,60.32524],[27.42329,60.32527],[27.42308,60.32545]],[[27.42278,60.3406],[27.42269,60.34092],[27.42242,60.34077],[27.42278,60.3406]],[[27.42189,60.38741],[27.42224,60.38784],[27.42177,60.38754],[27.42189,60.38741]],[[27.42138,60.38746],[27.42163,60.38749],[27.42134,60.3875],[27.42138,60.38746]],[[27.42113,60.38755],[27.42144,60.38773],[27.42104,60.38761],[27.42113,60.38755]],[[27.42077,60.35051],[27.4209,60.35046],[27.42093,60.35049],[27.42077,60.35051]],[[27.42031,60.34239],[27.41869,60.3423],[27.41858,60.3419],[27.41968,60.34179],[27.42031,60.34239]],[[27.41906,60.3436],[27.42035,60.34426],[27.41807,60.34623],[27.41763,60.34464],[27.41906,60.3436]],[[27.4183,60.3429],[27.41842,60.34309],[27.41825,60.343],[27.4183,60.3429]],[[27.41768,60.35007],[27.41794,60.34981],[27.41802,60.3499],[27.41768,60.35007]],[[27.40734,60.35109],[27.40991,60.34933],[27.4121,60.34964],[27.4105,60.3513],[27.40734,60.35109]],[[27.41065,60.36574],[27.41109,60.36577],[27.41112,60.36583],[27.41065,60.36574]],[[27.41035,60.33915],[27.40852,60.34049],[27.40677,60.33975],[27.41035,60.33915]],[[27.40954,60.36557],[27.41037,60.36576],[27.4094,60.36566],[27.40954,60.36557]],[[27.40833,60.34961],[27.40881,60.34945],[27.40896,60.3495],[27.40833,60.34961]],[[27.40805,60.34975],[27.40829,60.34979],[27.40804,60.34979],[27.40805,60.34975]],[[27.40797,60.34929],[27.40722,60.34953],[27.40714,60.34951],[27.40797,60.34929]],[[27.40748,60.34416],[27.40764,60.34442],[27.40486,60.34439],[27.40748,60.34416]],[[27.4009,60.33486],[27.40426,60.33427],[27.40495,60.33452],[27.40176,60.33573],[27.4009,60.33486]],[[27.39492,60.30594],[27.39228,60.30457],[27.39423,60.30388],[27.39695,60.30076],[27.39947,60.302],[27.39929,60.30282],[27.40066,60.30359],[27.39991,60.30395],[27.40123,60.30487],[27.39492,60.30594]],[[27.39903,60.30599],[27.39929,60.30588],[27.39932,60.30599],[27.39903,60.30599]],[[27.39842,60.30592],[27.39849,60.30609],[27.39813,60.30603],[27.39842,60.30592]],[[27.39648,60.30614],[27.39695,60.30605],[27.39711,60.30611],[27.39648,60.30614]],[[27.39557,60.30616],[27.39576,60.30622],[27.39556,60.30623],[27.39557,60.30616]],[[27.3948,60.30261],[27.39509,60.30261],[27.39483,60.30268],[27.3948,60.30261]],[[27.39302,60.33958],[27.3929,60.33911],[27.39324,60.33906],[27.39302,60.33958]],[[27.39235,60.30392],[27.39281,60.30394],[27.39234,60.30403],[27.39235,60.30392]],[[27.3849,60.33569],[27.38468,60.33531],[27.38511,60.33552],[27.3849,60.33569]],[[27.38473,60.33602],[27.38468,60.3361],[27.38464,60.33608],[27.38473,60.33602]],[[27.38133,60.35791],[27.38464,60.35886],[27.37986,60.35927],[27.38133,60.35791]],[[27.38468,60.33594],[27.38457,60.33607],[27.38453,60.33601],[27.38468,60.33594]],[[27.3843,60.33592],[27.38445,60.33591],[27.38455,60.33593],[27.3843,60.33592]],[[27.38377,60.33678],[27.38396,60.33633],[27.38424,60.33653],[27.38377,60.33678]],[[27.3839,60.33544],[27.38389,60.33556],[27.38381,60.33547],[27.3839,60.33544]],[[27.38221,60.33557],[27.38339,60.3363],[27.38128,60.33564],[27.38286,60.33526],[27.38221,60.33557]],[[27.37931,60.33608],[27.382,60.3371],[27.37953,60.33797],[27.37802,60.33722],[27.37931,60.33608]],[[27.37865,60.33916],[27.37969,60.33894],[27.37866,60.3394],[27.37865,60.33916]],[[27.37878,60.35971],[27.37896,60.35979],[27.37874,60.35976],[27.37878,60.35971]],[[27.37864,60.36357],[27.37752,60.36489],[27.3751,60.36457],[27.37732,60.3636],[27.37864,60.36357]],[[27.37625,60.36162],[27.37725,60.36041],[27.37762,60.36068],[27.37625,60.36162]],[[27.37551,60.35025],[27.37567,60.35023],[27.37569,60.35027],[27.37551,60.35025]],[[27.37552,60.35055],[27.37557,60.35065],[27.37546,60.35057],[27.37552,60.35055]],[[27.37517,60.35046],[27.37531,60.3505],[27.37513,60.3505],[27.37517,60.35046]],[[27.37173,60.3655],[27.37327,60.36483],[27.37446,60.36542],[27.37314,60.36629],[27.37173,60.3655]],[[27.37172,60.34513],[27.37268,60.34445],[27.3736,60.34486],[27.37252,60.34525],[27.37172,60.34513]],[[27.37306,60.35928],[27.3722,60.36011],[27.36911,60.35989],[27.37128,60.35845],[27.37306,60.35928]],[[27.37112,60.34425],[27.37102,60.34397],[27.37138,60.3441],[27.37112,60.34425]],[[27.36419,60.35706],[27.36474,60.35727],[27.36396,60.35718],[27.36419,60.35706]],[[27.36343,60.3636],[27.3601,60.36431],[27.35881,60.36371],[27.35994,60.36289],[27.36343,60.3636]],[[27.35633,60.3661],[27.35954,60.36613],[27.35817,60.36712],[27.35361,60.36596],[27.35479,60.36521],[27.35633,60.3661]],[[27.35747,60.36364],[27.35668,60.36355],[27.35744,60.36318],[27.35747,60.36364]],[[27.35683,60.3641],[27.35695,60.36402],[27.35696,60.36407],[27.35683,60.3641]],[[27.35651,60.34507],[27.35639,60.34495],[27.35662,60.34501],[27.35651,60.34507]],[[27.35641,60.36405],[27.35655,60.36399],[27.35659,60.36401],[27.35641,60.36405]],[[27.35612,60.3452],[27.3563,60.34545],[27.35602,60.34542],[27.35612,60.3452]],[[27.35571,60.34478],[27.35599,60.34472],[27.3561,60.34476],[27.35571,60.34478]],[[27.35555,60.34482],[27.35392,60.34674],[27.35298,60.34615],[27.35394,60.34545],[27.35555,60.34482]],[[27.35527,60.36472],[27.3554,60.36466],[27.35544,60.36469],[27.35527,60.36472]],[[27.35431,60.36415],[27.35499,60.36497],[27.35361,60.36488],[27.35431,60.36415]],[[27.34642,60.2884],[27.3473,60.28886],[27.34606,60.29002],[27.34126,60.29038],[27.34645,60.28686],[27.34951,60.28681],[27.34642,60.2884]],[[27.34723,60.28607],[27.34722,60.28594],[27.34743,60.28598],[27.34723,60.28607]],[[27.33888,60.32676],[27.34381,60.32803],[27.33714,60.32721],[27.33888,60.32676]],[[27.3437,60.28352],[27.34364,60.28334],[27.34377,60.28352],[27.3437,60.28352]],[[27.34331,60.28506],[27.3431,60.28485],[27.34342,60.28507],[27.34331,60.28506]],[[27.3432,60.2833],[27.33518,60.28179],[27.33484,60.28091],[27.33529,60.28009],[27.33729,60.28006],[27.33669,60.2812],[27.33775,60.2821],[27.33919,60.28143],[27.34002,60.28231],[27.34323,60.28247],[27.3432,60.2833]],[[27.34324,60.28518],[27.34017,60.28693],[27.33922,60.28539],[27.34179,60.28454],[27.34324,60.28518]],[[27.34064,60.28153],[27.33996,60.28121],[27.34075,60.28151],[27.34064,60.28153]],[[27.33992,60.34128],[27.33971,60.34116],[27.33996,60.34118],[27.33992,60.34128]],[[27.33863,60.28103],[27.33882,60.28075],[27.33905,60.28103],[27.33863,60.28103]],[[27.33781,60.28807],[27.3373,60.28789],[27.338,60.28795],[27.33781,60.28807]],[[27.33654,60.28968],[27.33735,60.28974],[27.3363,60.28997],[27.33654,60.28968]],[[27.33517,60.35338],[27.33699,60.35386],[27.33453,60.35375],[27.33517,60.35338]],[[27.3354,60.27554],[27.33648,60.27536],[27.33669,60.27553],[27.3354,60.27554]],[[27.33665,60.34129],[27.33578,60.34136],[27.33505,60.34117],[27.33665,60.34129]],[[27.33587,60.28984],[27.33605,60.28972],[27.33598,60.28987],[27.33587,60.28984]],[[27.33576,60.34049],[27.3359,60.34051],[27.33574,60.34051],[27.33576,60.34049]],[[27.3355,60.28006],[27.3354,60.27995],[27.3356,60.28001],[27.3355,60.28006]],[[27.33301,60.30286],[27.33221,60.30269],[27.33315,60.3027],[27.33301,60.30286]],[[27.32388,60.29854],[27.32383,60.29832],[27.324,60.29845],[27.32388,60.29854]],[[27.3169,60.36697],[27.31729,60.36708],[27.3168,60.36702],[27.3169,60.36697]],[[27.31642,60.36715],[27.31684,60.36733],[27.31624,60.36723],[27.31642,60.36715]],[[27.3164,60.36743],[27.31665,60.36758],[27.31622,60.36748],[27.3164,60.36743]],[[27.31566,60.36662],[27.31634,60.36696],[27.31547,60.36666],[27.31566,60.36662]],[[27.3157,60.36687],[27.31557,60.36711],[27.31516,60.36682],[27.3157,60.36687]],[[27.31281,60.36527],[27.31582,60.368],[27.3121,60.36861],[27.30927,60.36727],[27.31281,60.36527]],[[27.31398,60.27775],[27.31559,60.2811],[27.31243,60.28321],[27.30998,60.28292],[27.30439,60.28583],[27.30152,60.28356],[27.29571,60.2819],[27.29614,60.28101],[27.29292,60.28071],[27.29566,60.27987],[27.29705,60.27744],[27.30007,60.2773],[27.30067,60.27605],[27.30181,60.27613],[27.30519,60.27486],[27.30475,60.27378],[27.30843,60.27396],[27.30765,60.27655],[27.31398,60.27775]],[[27.31375,60.36091],[27.3128,60.36168],[27.31189,60.36121],[27.31257,60.3606],[27.31375,60.36091]],[[27.31358,60.36534],[27.31319,60.3652],[27.31374,60.36535],[27.31358,60.36534]],[[27.31358,60.36859],[27.31316,60.36885],[27.31355,60.3685],[27.31358,60.36859]],[[27.31299,60.29322],[27.3127,60.29324],[27.31126,60.29255],[27.31299,60.29322]],[[27.31187,60.29395],[27.31228,60.29377],[27.31253,60.29389],[27.31187,60.29395]],[[27.31117,60.29299],[27.31032,60.29426],[27.3096,60.29364],[27.31051,60.29279],[27.31117,60.29299]],[[27.31003,60.31841],[27.30931,60.3198],[27.30895,60.31921],[27.31003,60.31841]],[[27.30937,60.32038],[27.30973,60.32155],[27.30869,60.32117],[27.30937,60.32038]],[[27.30901,60.36463],[27.30912,60.36617],[27.30845,60.36591],[27.30901,60.36463]],[[27.3077,60.36571],[27.30921,60.36797],[27.30826,60.36903],[27.30652,60.3695],[27.30384,60.36808],[27.30477,60.36596],[27.3077,60.36571]],[[27.30669,60.37025],[27.30833,60.37006],[27.30869,60.37052],[27.30669,60.37025]],[[27.30838,60.29274],[27.30835,60.29257],[27.30849,60.29257],[27.30838,60.29274]],[[27.30813,60.29198],[27.30825,60.29179],[27.30829,60.292],[27.30813,60.29198]],[[27.30794,60.2925],[27.30784,60.29238],[27.30804,60.29246],[27.30794,60.2925]],[[27.30545,60.36514],[27.3055,60.36526],[27.30535,60.36521],[27.30545,60.36514]],[[27.30202,60.3681],[27.30211,60.36849],[27.30183,60.36857],[27.30202,60.3681]],[[27.30144,60.36881],[27.30186,60.36884],[27.30137,60.36887],[27.30144,60.36881]],[[27.30137,60.2759],[27.30142,60.27585],[27.30148,60.27587],[27.30137,60.2759]],[[27.29973,60.36587],[27.30077,60.36642],[27.29963,60.36655],[27.29973,60.36587]],[[27.29914,60.28391],[27.29792,60.28418],[27.2993,60.28357],[27.29914,60.28391]],[[27.29769,60.2842],[27.29759,60.28443],[27.29745,60.28423],[27.29769,60.2842]],[[27.29637,60.28954],[27.29693,60.29041],[27.29565,60.29006],[27.29637,60.28954]],[[27.29547,60.29118],[27.29649,60.29203],[27.29529,60.29161],[27.29547,60.29118]],[[27.29578,60.35879],[27.29503,60.35932],[27.29402,60.35766],[27.29508,60.35782],[27.29578,60.35879]],[[27.29477,60.29142],[27.29445,60.29119],[27.29502,60.29142],[27.29477,60.29142]],[[27.29481,60.2915],[27.29462,60.29143],[27.29483,60.29149],[27.29481,60.2915]],[[27.29439,60.29058],[27.29351,60.2909],[27.2929,60.2905],[27.29439,60.29058]],[[27.29395,60.36842],[27.29385,60.36855],[27.29374,60.36849],[27.29395,60.36842]],[[27.29346,60.37547],[27.29391,60.3753],[27.29397,60.37536],[27.29346,60.37547]],[[27.29338,60.30493],[27.29308,60.30478],[27.29351,60.30481],[27.29338,60.30493]],[[27.2928,60.28562],[27.29207,60.28645],[27.29079,60.28604],[27.29224,60.28488],[27.2928,60.28562]],[[27.29258,60.35931],[27.2925,60.3595],[27.29235,60.35948],[27.29258,60.35931]],[[27.29121,60.2871],[27.29123,60.287],[27.29135,60.28706],[27.29121,60.2871]],[[27.29071,60.28734],[27.28978,60.28835],[27.28938,60.28801],[27.28979,60.28758],[27.29071,60.28734]],[[27.28926,60.36265],[27.28736,60.36559],[27.28367,60.36354],[27.28738,60.36217],[27.28926,60.36265]],[[27.28812,60.31835],[27.28899,60.31806],[27.28941,60.31812],[27.28889,60.31842],[27.28812,60.31835]],[[27.27836,60.36188],[27.2819,60.36185],[27.28152,60.36278],[27.27836,60.36188]],[[27.27919,60.32474],[27.27981,60.32439],[27.28032,60.32447],[27.27919,60.32474]],[[27.27672,60.37149],[27.27907,60.37278],[27.27755,60.37331],[27.2747,60.37252],[27.27672,60.37149]],[[27.27085,60.26531],[27.27205,60.26562],[27.27155,60.26637],[27.26837,60.26659],[27.26748,60.26855],[27.26653,60.26809],[27.26803,60.26534],[27.27131,60.26581],[27.27085,60.26531]],[[27.26922,60.34769],[27.27056,60.34657],[27.27043,60.34798],[27.26922,60.34769]],[[27.26618,60.34392],[27.26902,60.34562],[27.26719,60.3474],[27.26396,60.34792],[27.26122,60.34673],[27.25683,60.34755],[27.2563,60.34687],[27.2594,60.34384],[27.26264,60.34481],[27.26618,60.34392]],[[27.26319,60.26896],[27.26099,60.2686],[27.26103,60.26789],[27.26319,60.26896]],[[27.26135,60.34141],[27.25994,60.34175],[27.25976,60.34151],[27.26135,60.34141]],[[27.26039,60.33876],[27.26072,60.33854],[27.26078,60.33865],[27.26039,60.33876]],[[27.25886,60.33903],[27.25928,60.33921],[27.25875,60.33906],[27.25886,60.33903]],[[27.25866,60.34014],[27.25892,60.34014],[27.25895,60.34019],[27.25866,60.34014]],[[27.25742,60.34049],[27.25767,60.34057],[27.2574,60.34056],[27.25742,60.34049]],[[27.24871,60.28356],[27.25581,60.28476],[27.24967,60.28458],[27.24871,60.28356]],[[27.25296,60.34507],[27.25312,60.34518],[27.25293,60.34513],[27.25296,60.34507]],[[27.24105,60.26694],[27.23983,60.26737],[27.23892,60.2667],[27.24031,60.26566],[27.23978,60.26613],[27.24105,60.26694]],[[27.23363,60.30419],[27.23436,60.30474],[27.23323,60.30468],[27.23363,60.30419]],[[27.23215,60.30132],[27.23184,60.30108],[27.23215,60.30113],[27.23215,60.30132]],[[27.22574,60.30565],[27.22266,60.3041],[27.22352,60.30151],[27.2228,60.30058],[27.22464,60.30003],[27.23174,60.30204],[27.23,60.30429],[27.22728,60.30524],[27.22797,60.30531],[27.22638,60.30689],[27.22428,60.30729],[27.22523,60.30797],[27.22169,60.30787],[27.22093,60.30658],[27.22009,60.30861],[27.21892,60.30802],[27.21927,60.30706],[27.21693,60.30636],[27.22073,60.30429],[27.22263,60.3048],[27.22253,60.30592],[27.22574,60.30565]],[[27.21499,59.8592],[27.21407,59.86156],[27.20906,59.86173],[27.20774,59.86374],[27.20504,59.86326],[27.20459,59.86424],[27.1947,59.86695],[27.19238,59.86571],[27.19106,59.86627],[27.18071,59.86101],[27.17507,59.86068],[27.17649,59.85945],[27.17655,59.85715],[27.1756,59.85544],[27.17595,59.85323],[27.17408,59.85178],[27.17494,59.84862],[27.17305,59.84739],[27.17448,59.8458],[27.1741,59.84508],[27.17651,59.84363],[27.17889,59.8402],[27.18462,59.83776],[27.183,59.83763],[27.18558,59.83705],[27.18511,59.83599],[27.18824,59.83584],[27.18806,59.83511],[27.18855,59.83607],[27.19352,59.83529],[27.18909,59.83516],[27.18975,59.83462],[27.19284,59.83436],[27.19416,59.83522],[27.19851,59.83423],[27.19805,59.83481],[27.19904,59.8357],[27.20324,59.83659],[27.20357,59.838],[27.20853,59.83927],[27.21459,59.84275],[27.21779,59.84243],[27.21749,59.84319],[27.21859,59.84385],[27.22826,59.84578],[27.22915,59.84895],[27.22693,59.85147],[27.22215,59.85539],[27.21929,59.85648],[27.21899,59.85759],[27.21499,59.8592]],[[27.22577,60.26909],[27.22375,60.26951],[27.22254,60.2693],[27.22422,60.26839],[27.22716,60.26815],[27.22472,60.26868],[27.22577,60.26909]],[[27.22696,60.26857],[27.227,60.26843],[27.22707,60.2685],[27.22696,60.26857]],[[27.22694,60.28865],[27.22637,60.2886],[27.22707,60.28859],[27.22694,60.28865]],[[27.22692,60.26792],[27.22685,60.26782],[27.227,60.26788],[27.22692,60.26792]],[[27.22537,60.29932],[27.22497,60.29932],[27.22548,60.29922],[27.22537,60.29932]],[[27.22343,60.29947],[27.22372,60.29961],[27.22334,60.29951],[27.22343,60.29947]],[[27.22266,60.2916],[27.22232,60.2916],[27.22272,60.29156],[27.22266,60.2916]],[[27.22188,60.30408],[27.22164,60.30357],[27.22199,60.30367],[27.22188,60.30408]],[[27.22128,60.27405],[27.21708,60.27339],[27.21854,60.27336],[27.22128,60.27405]],[[27.22121,60.30431],[27.22124,60.30421],[27.22128,60.30421],[27.22121,60.30431]],[[27.22065,60.30999],[27.22013,60.31051],[27.21807,60.31038],[27.21955,60.30944],[27.22065,60.30999]],[[27.21891,60.30169],[27.21909,60.30281],[27.21771,60.30255],[27.2178,60.30169],[27.21891,60.30169]],[[27.21758,60.30961],[27.2174,60.30957],[27.21754,60.30954],[27.21758,60.30961]],[[27.21743,60.30188],[27.21743,60.30194],[27.21739,60.30192],[27.21743,60.30188]],[[27.21726,60.29885],[27.21639,60.29942],[27.21608,60.29942],[27.21726,60.29885]],[[27.21701,60.30514],[27.21488,60.3057],[27.21411,60.30701],[27.21016,60.30697],[27.20809,60.30596],[27.20822,60.30466],[27.20558,60.30419],[27.20483,60.30294],[27.20763,60.30239],[27.21001,60.30351],[27.21002,60.30453],[27.21584,60.30393],[27.21701,60.30514]],[[27.21693,60.27797],[27.21278,60.27876],[27.21449,60.27781],[27.21693,60.27797]],[[27.21647,60.30311],[27.21427,60.30356],[27.21259,60.30289],[27.21551,60.30223],[27.21647,60.30311]],[[27.21591,60.27389],[27.21545,60.27391],[27.21625,60.27381],[27.21591,60.27389]],[[27.21483,60.27458],[27.21545,60.27407],[27.2162,60.27422],[27.21581,60.27459],[27.21483,60.27458]],[[27.21468,60.27996],[27.21206,60.28054],[27.21069,60.27975],[27.21299,60.27913],[27.21468,60.27996]],[[27.21271,60.33415],[27.21343,60.33456],[27.21244,60.33435],[27.21271,60.33415]],[[27.20874,60.29604],[27.2096,60.29612],[27.20989,60.29685],[27.20858,60.29706],[27.20874,60.29604]],[[27.20932,60.29473],[27.20914,60.29432],[27.20951,60.29446],[27.20932,60.29473]],[[27.20528,60.28177],[27.20948,60.28236],[27.2074,60.28317],[27.20215,60.28091],[27.203,60.28029],[27.20499,60.28078],[27.20528,60.28177]],[[27.20659,60.28433],[27.20582,60.28422],[27.20682,60.28423],[27.20659,60.28433]],[[27.20622,60.2774],[27.20457,60.27734],[27.20671,60.27717],[27.20622,60.2774]],[[27.2062,60.29246],[27.20521,60.29179],[27.2066,60.29242],[27.2062,60.29246]],[[27.20559,60.28423],[27.20498,60.28427],[27.20565,60.28416],[27.20559,60.28423]],[[27.20234,60.2803],[27.20172,60.2799],[27.20275,60.28007],[27.20234,60.2803]],[[27.18956,60.2904],[27.18265,60.28765],[27.18617,60.28596],[27.18681,60.28727],[27.18756,60.28637],[27.1941,60.28637],[27.19384,60.28711],[27.19541,60.28794],[27.19495,60.28971],[27.19824,60.28769],[27.19481,60.28674],[27.195,60.28601],[27.20163,60.28643],[27.20245,60.28755],[27.20148,60.28973],[27.19535,60.29086],[27.18956,60.2904]],[[27.19581,60.27484],[27.20113,60.2754],[27.20199,60.27531],[27.19891,60.27648],[27.19443,60.27582],[27.19581,60.27484]],[[27.20112,60.27528],[27.20162,60.27514],[27.20185,60.27524],[27.20112,60.27528]],[[27.20137,60.27901],[27.2009,60.27914],[27.20139,60.27891],[27.20137,60.27901]],[[27.20068,60.28069],[27.19868,60.28223],[27.19756,60.28186],[27.19713,60.28034],[27.20068,60.28069]],[[27.19556,60.27876],[27.19367,60.2795],[27.19185,60.27871],[27.19318,60.27803],[27.19556,60.27876]],[[27.19517,60.28311],[27.195,60.28307],[27.19524,60.28305],[27.19517,60.28311]],[[27.19184,60.28532],[27.19456,60.28486],[27.19522,60.28535],[27.19184,60.28532]],[[27.19453,60.28676],[27.19449,60.28654],[27.19462,60.28672],[27.19453,60.28676]],[[27.1921,60.28175],[27.19266,60.28146],[27.19338,60.28187],[27.1921,60.28175]],[[27.18715,60.28485],[27.18862,60.28401],[27.18989,60.28418],[27.18898,60.28522],[27.18715,60.28485]],[[27.1898,60.29047],[27.18961,60.29045],[27.1898,60.29044],[27.1898,60.29047]],[[27.18504,60.33157],[27.18439,60.33135],[27.18542,60.33146],[27.18504,60.33157]],[[27.18507,60.27102],[27.18532,60.27072],[27.1854,60.27083],[27.18507,60.27102]],[[27.18497,60.27114],[27.18295,60.27288],[27.182,60.27263],[27.18255,60.27157],[27.1807,60.27111],[27.18433,60.27058],[27.18497,60.27114]],[[27.18383,60.2673],[27.18372,60.26718],[27.18388,60.26719],[27.18383,60.2673]],[[27.18363,60.28282],[27.1824,60.28265],[27.18377,60.28273],[27.18363,60.28282]],[[27.1835,60.27993],[27.18348,60.27982],[27.18365,60.27981],[27.1835,60.27993]],[[27.18314,60.27696],[27.18347,60.27685],[27.18357,60.27692],[27.18314,60.27696]],[[27.18145,60.26674],[27.18236,60.26619],[27.18345,60.26692],[27.18263,60.26718],[27.18145,60.26674]],[[27.18183,60.27614],[27.18253,60.27734],[27.18141,60.27868],[27.17656,60.27886],[27.1672,60.27697],[27.16695,60.27605],[27.16541,60.27569],[27.16593,60.27502],[27.1702,60.27517],[27.17074,60.27393],[27.17259,60.27529],[27.17571,60.27368],[27.1786,60.27439],[27.17948,60.2761],[27.18183,60.27614]],[[27.18112,60.2958],[27.18133,60.29579],[27.18135,60.29584],[27.18112,60.2958]],[[27.18054,60.27986],[27.18019,60.27937],[27.18111,60.27956],[27.18054,60.27986]],[[27.17956,60.29614],[27.18071,60.29576],[27.18082,60.29608],[27.17956,60.29614]],[[27.17845,60.28675],[27.1789,60.28617],[27.17935,60.28623],[27.17845,60.28675]],[[27.17888,60.28202],[27.17878,60.28192],[27.17895,60.28198],[27.17888,60.28202]],[[27.17841,60.28187],[27.17841,60.28179],[27.17851,60.2818],[27.17841,60.28187]],[[27.17778,60.28188],[27.17796,60.28183],[27.17799,60.28186],[27.17778,60.28188]],[[27.17775,60.28112],[27.17601,60.28315],[27.17306,60.28308],[27.17143,60.28201],[27.17266,60.28086],[27.17127,60.28046],[27.17355,60.27987],[27.17331,60.28134],[27.17636,60.28061],[27.17775,60.28112]],[[27.17754,60.26421],[27.17742,60.26412],[27.17758,60.26415],[27.17754,60.26421]],[[27.17757,60.26923],[27.17583,60.27076],[27.17329,60.26982],[27.17659,60.26852],[27.17757,60.26923]],[[27.17691,60.26421],[27.17701,60.26428],[27.17683,60.26424],[27.17691,60.26421]],[[27.17473,60.27963],[27.17596,60.28023],[27.17435,60.28009],[27.17473,60.27963]],[[27.17572,60.27947],[27.17537,60.27938],[27.1758,60.2794],[27.17572,60.27947]],[[27.17555,60.26618],[27.17542,60.26605],[27.1756,60.26608],[27.17555,60.26618]],[[27.17475,60.26666],[27.17461,60.26634],[27.17503,60.2662],[27.17475,60.26666]],[[27.1667,60.26295],[27.16616,60.26258],[27.1708,60.26082],[27.17237,60.26147],[27.17393,60.26153],[27.17438,60.26218],[27.17264,60.26331],[27.17467,60.26349],[27.1667,60.26295]],[[27.17426,60.26588],[27.17414,60.26571],[27.17437,60.2657],[27.17426,60.26588]],[[27.17281,60.26622],[27.17408,60.26608],[27.17428,60.26692],[27.1721,60.26669],[27.17093,60.26758],[27.17153,60.26792],[27.16951,60.26685],[27.17136,60.26553],[27.17007,60.26493],[27.17126,60.26444],[27.1723,60.26466],[27.17281,60.26622]],[[27.17315,60.29956],[27.17376,60.30024],[27.17218,60.30004],[27.17315,60.29956]],[[27.17362,60.2678],[27.17377,60.26784],[27.1736,60.26786],[27.17362,60.2678]],[[27.1731,60.26838],[27.17261,60.26831],[27.17282,60.26806],[27.1731,60.26838]],[[27.17284,60.26595],[27.17293,60.2659],[27.17297,60.26593],[27.17284,60.26595]],[[27.17285,60.2658],[27.17289,60.26571],[27.17294,60.26575],[27.17285,60.2658]],[[27.17251,60.26128],[27.17242,60.26111],[27.17263,60.26121],[27.17251,60.26128]],[[27.17249,60.26871],[27.17246,60.26864],[27.17255,60.26867],[27.17249,60.26871]],[[27.16899,60.29896],[27.1716,60.29839],[27.17253,60.29875],[27.1708,60.29988],[27.16899,60.29896]],[[27.17224,60.26861],[27.17201,60.26843],[27.17231,60.26844],[27.17224,60.26861]],[[27.1717,60.26847],[27.17189,60.2682],[27.17201,60.26825],[27.1717,60.26847]],[[27.17119,60.26879],[27.17131,60.26873],[27.17133,60.26876],[27.17119,60.26879]],[[27.1707,60.26376],[27.17086,60.26368],[27.17089,60.2637],[27.1707,60.26376]],[[27.17068,60.2803],[27.17011,60.28066],[27.1705,60.28013],[27.17068,60.2803]],[[27.17056,60.26537],[27.17062,60.26529],[27.17067,60.26531],[27.17056,60.26537]],[[27.16835,60.30331],[27.1699,60.30357],[27.16984,60.30405],[27.16835,60.30331]],[[27.16958,60.28231],[27.16959,60.28223],[27.16967,60.28228],[27.16958,60.28231]],[[27.16915,60.28339],[27.16827,60.28387],[27.16552,60.28287],[27.16902,60.28211],[27.16915,60.28339]],[[27.16845,60.26548],[27.16821,60.2669],[27.167,60.26642],[27.16845,60.26548]],[[27.16875,60.27484],[27.16875,60.27475],[27.16883,60.27478],[27.16875,60.27484]],[[27.16487,60.3053],[27.16866,60.30668],[27.16582,60.30758],[27.16319,60.30618],[27.16487,60.3053]],[[27.16825,60.26534],[27.16829,60.26528],[27.16832,60.26532],[27.16825,60.26534]],[[27.16767,60.26592],[27.16731,60.2656],[27.16771,60.26561],[27.16767,60.26592]],[[27.16734,60.27787],[27.16712,60.27763],[27.16769,60.2778],[27.16734,60.27787]],[[27.16102,60.29278],[27.16676,60.29543],[27.15927,60.29541],[27.15594,60.29366],[27.16102,60.29278]],[[27.16661,60.27272],[27.16518,60.27471],[27.16431,60.27286],[27.16661,60.27272]],[[27.16552,60.27786],[27.16552,60.27781],[27.16558,60.27785],[27.16552,60.27786]],[[27.16507,60.27774],[27.16515,60.2775],[27.16534,60.27764],[27.16507,60.27774]],[[27.16532,60.32636],[27.16469,60.32647],[27.16462,60.32636],[27.16532,60.32636]],[[27.16508,60.26417],[27.16506,60.26407],[27.16515,60.26412],[27.16508,60.26417]],[[27.16492,60.28],[27.16223,60.27984],[27.16114,60.27909],[27.16492,60.28]],[[27.16455,60.27629],[27.163,60.27637],[27.16127,60.27796],[27.15791,60.27725],[27.15638,60.27506],[27.15761,60.27418],[27.15668,60.27321],[27.16075,60.27391],[27.16024,60.27303],[27.16224,60.27305],[27.16116,60.27397],[27.16196,60.27468],[27.16401,60.27341],[27.16405,60.27454],[27.163,60.27464],[27.16455,60.27629]],[[27.1618,60.28882],[27.16065,60.28695],[27.16392,60.28705],[27.1637,60.28765],[27.1618,60.28882]],[[27.16098,60.30488],[27.16114,60.30465],[27.16132,60.30479],[27.16098,60.30488]],[[27.16107,60.30773],[27.16121,60.30753],[27.16129,60.30772],[27.16107,60.30773]],[[27.16102,60.3074],[27.1612,60.30729],[27.16124,60.30734],[27.16102,60.3074]],[[27.16108,60.30693],[27.16112,60.30685],[27.16118,60.3069],[27.16108,60.30693]],[[27.16028,60.30634],[27.1608,60.3067],[27.16027,60.30657],[27.16028,60.30634]],[[27.16074,60.30476],[27.16078,60.30466],[27.16085,60.3047],[27.16074,60.30476]],[[27.16054,60.26971],[27.16047,60.26955],[27.16058,60.26969],[27.16054,60.26971]],[[27.16052,60.30732],[27.16051,60.30723],[27.16057,60.30728],[27.16052,60.30732]],[[27.1598,60.26988],[27.16038,60.27001],[27.15974,60.26993],[27.1598,60.26988]],[[27.13416,60.28523],[27.13493,60.28489],[27.13352,60.2835],[27.13447,60.283],[27.13436,60.28177],[27.13803,60.28093],[27.14058,60.28207],[27.13873,60.28319],[27.13819,60.28639],[27.14486,60.28718],[27.14503,60.28627],[27.14778,60.28591],[27.15116,60.28685],[27.15285,60.28877],[27.16038,60.28909],[27.15492,60.29059],[27.14772,60.28964],[27.14646,60.2906],[27.14803,60.29156],[27.15648,60.29278],[27.14757,60.29299],[27.14114,60.2906],[27.13743,60.28775],[27.1344,60.28743],[27.13523,60.28635],[27.13205,60.28553],[27.13154,60.28455],[27.13278,60.28385],[27.13416,60.28523]],[[27.15998,60.29239],[27.15974,60.29242],[27.15969,60.29238],[27.15998,60.29239]],[[27.15983,60.26975],[27.15987,60.26963],[27.15994,60.26968],[27.15983,60.26975]],[[27.15973,60.27003],[27.15954,60.26998],[27.15976,60.26999],[27.15973,60.27003]],[[27.15953,60.27181],[27.15949,60.27172],[27.15959,60.27174],[27.15953,60.27181]],[[27.15907,60.2732],[27.15927,60.27337],[27.15893,60.27338],[27.15907,60.2732]],[[27.15908,60.26898],[27.15875,60.26886],[27.15918,60.26892],[27.15908,60.26898]],[[27.15892,60.26861],[27.15794,60.26854],[27.15789,60.26841],[27.15892,60.26861]],[[27.15774,60.30284],[27.15713,60.30252],[27.15814,60.30253],[27.15774,60.30284]],[[27.15774,60.2693],[27.15743,60.2692],[27.15781,60.26925],[27.15774,60.2693]],[[27.15733,60.26972],[27.15696,60.26943],[27.15755,60.26963],[27.15733,60.26972]],[[27.15737,60.2708],[27.15727,60.27033],[27.15749,60.27035],[27.15737,60.2708]],[[27.15734,60.2701],[27.15686,60.27],[27.15742,60.26997],[27.15734,60.2701]],[[27.15689,60.28142],[27.15681,60.28108],[27.15712,60.28138],[27.15689,60.28142]],[[27.15655,60.27038],[27.15642,60.27029],[27.15668,60.27032],[27.15655,60.27038]],[[27.15261,60.27769],[27.15616,60.27762],[27.15657,60.27862],[27.1533,60.27877],[27.15261,60.27769]],[[27.15643,60.28859],[27.15616,60.28839],[27.15654,60.28855],[27.15643,60.28859]],[[27.15587,60.28086],[27.15597,60.28075],[27.156,60.28078],[27.15587,60.28086]],[[27.15579,60.27036],[27.15561,60.27014],[27.15597,60.27033],[27.15579,60.27036]],[[27.14419,60.30323],[27.14936,60.30366],[27.14683,60.30583],[27.14401,60.30544],[27.14293,60.30432],[27.14419,60.30323]],[[27.14814,60.26278],[27.14729,60.26274],[27.14726,60.26261],[27.14814,60.26278]],[[27.14781,60.26347],[27.14643,60.26333],[27.14633,60.26321],[27.14781,60.26347]],[[27.14618,60.27024],[27.14623,60.27031],[27.14612,60.27029],[27.14618,60.27024]],[[27.14488,60.27787],[27.14467,60.27896],[27.14414,60.27881],[27.14488,60.27787]],[[27.14431,60.27792],[27.14436,60.27781],[27.14443,60.27784],[27.14431,60.27792]],[[27.14173,60.27623],[27.14075,60.27805],[27.13818,60.27714],[27.14173,60.27623]],[[27.14018,60.26212],[27.13892,60.26202],[27.13882,60.26196],[27.14018,60.26212]],[[27.13806,60.26997],[27.13751,60.26988],[27.13685,60.26945],[27.13806,60.26997]],[[27.1372,60.26991],[27.13706,60.26984],[27.13726,60.26986],[27.1372,60.26991]],[[27.1371,60.26978],[27.13691,60.26959],[27.13718,60.26972],[27.1371,60.26978]],[[27.13481,60.27024],[27.13497,60.27029],[27.13479,60.27029],[27.13481,60.27024]],[[27.13412,60.28261],[27.13421,60.28241],[27.13427,60.28262],[27.13412,60.28261]],[[27.13368,60.28761],[27.13132,60.28808],[27.12843,60.28685],[27.12852,60.28654],[27.13368,60.28761]],[[27.12587,60.29825],[27.12597,60.29817],[27.126,60.2982],[27.12587,60.29825]],[[27.12447,60.29889],[27.12378,60.29796],[27.12256,60.29801],[27.12569,60.29775],[27.12585,60.29879],[27.12447,60.29889]],[[27.12175,60.29969],[27.12067,60.29932],[27.12211,60.29936],[27.12175,60.29969]],[[27.12109,60.26086],[27.1208,60.26088],[27.12074,60.26084],[27.12109,60.26086]],[[27.11108,60.25665],[27.11179,60.25593],[27.11509,60.25669],[27.11655,60.25628],[27.11646,60.25817],[27.11833,60.25762],[27.12069,60.26058],[27.11779,60.26249],[27.11651,60.26058],[27.11399,60.25993],[27.11572,60.25844],[27.11359,60.25828],[27.11108,60.25665]],[[27.1188,60.26698],[27.11872,60.26753],[27.1185,60.26706],[27.1188,60.26698]],[[27.11377,60.30066],[27.1187,60.30144],[27.11623,60.30194],[27.11377,60.30066]],[[27.11729,60.25655],[27.11687,60.25634],[27.11753,60.25643],[27.11729,60.25655]],[[27.11708,60.27239],[27.11729,60.27224],[27.11737,60.27231],[27.11708,60.27239]],[[27.11673,60.30049],[27.11659,60.30041],[27.11681,60.30046],[27.11673,60.30049]],[[27.11626,60.30041],[27.11606,60.30026],[27.11636,60.30039],[27.11626,60.30041]],[[27.11518,60.30018],[27.1155,60.30007],[27.11558,60.30022],[27.11518,60.30018]],[[27.11336,60.25607],[27.11263,60.25594],[27.11461,60.25628],[27.11336,60.25607]],[[27.11432,60.25587],[27.11393,60.25581],[27.11387,60.25572],[27.11432,60.25587]],[[27.11202,60.26207],[27.11095,60.26229],[27.11102,60.26212],[27.11202,60.26207]],[[27.11118,60.26245],[27.11103,60.2625],[27.111,60.26247],[27.11118,60.26245]],[[27.10936,60.29743],[27.10442,60.29708],[27.10552,60.2964],[27.10497,60.29565],[27.10807,60.29507],[27.10904,60.29679],[27.11079,60.29755],[27.10916,60.29973],[27.10807,60.29943],[27.10936,60.29743]],[[27.10997,60.2939],[27.10992,60.29377],[27.11,60.2938],[27.10997,60.2939]],[[27.10656,60.30163],[27.10486,60.30109],[27.10957,60.30102],[27.10656,60.30163]],[[27.10891,60.29407],[27.10911,60.29418],[27.10888,60.29413],[27.10891,60.29407]],[[27.10398,60.30107],[27.10403,60.30099],[27.1041,60.30104],[27.10398,60.30107]],[[27.10143,60.26414],[27.10042,60.26415],[27.10161,60.26394],[27.10143,60.26414]],[[27.09968,60.26801],[27.09943,60.26731],[27.09998,60.26758],[27.09968,60.26801]],[[27.09558,60.31751],[27.09559,60.31922],[27.09426,60.31884],[27.09558,60.31751]],[[27.09408,60.2806],[27.09487,60.28023],[27.09497,60.28055],[27.09408,60.2806]],[[27.09324,60.31483],[27.09331,60.31459],[27.09343,60.31461],[27.09324,60.31483]],[[27.09074,60.27966],[27.08722,60.27776],[27.08738,60.27588],[27.09036,60.27471],[27.09138,60.27522],[27.09048,60.27704],[27.09225,60.27725],[27.09257,60.27903],[27.09074,60.27966]],[[27.08963,60.35161],[27.09061,60.35234],[27.08909,60.35246],[27.08963,60.35161]],[[27.08895,60.27372],[27.08809,60.27297],[27.08866,60.27296],[27.08895,60.27372]],[[27.08802,60.27324],[27.088,60.27319],[27.0881,60.2732],[27.08802,60.27324]],[[27.08705,60.27296],[27.08726,60.27291],[27.08728,60.27292],[27.08705,60.27296]],[[27.08505,60.31205],[27.08382,60.31192],[27.08409,60.31113],[27.0862,60.31083],[27.08505,60.31205]],[[27.06931,60.25388],[27.06777,60.25388],[27.06969,60.25177],[27.07179,60.25153],[27.06931,60.25388]],[[27.06786,60.32396],[27.06878,60.32287],[27.07179,60.32248],[27.06907,60.32514],[27.06788,60.32511],[27.06854,60.32476],[27.06786,60.32396]],[[27.07135,60.25386],[27.07154,60.25354],[27.07168,60.2536],[27.07135,60.25386]],[[27.07081,60.25288],[27.07105,60.25268],[27.0712,60.25273],[27.07081,60.25288]],[[27.06407,60.29167],[27.06366,60.291],[27.06471,60.28995],[27.06644,60.2902],[27.06407,60.29167]],[[27.06432,60.3257],[27.06407,60.32589],[27.06408,60.32574],[27.06432,60.3257]],[[27.06357,60.32649],[27.0637,60.32613],[27.06421,60.32644],[27.06357,60.32649]],[[27.06217,60.29904],[27.06274,60.29833],[27.06343,60.2991],[27.0631,60.29929],[27.06217,60.29904]],[[27.06283,60.32578],[27.06284,60.32601],[27.06271,60.32598],[27.06283,60.32578]],[[27.0574,60.26053],[27.05828,60.26059],[27.05689,60.26124],[27.0574,60.26053]],[[27.05764,60.30411],[27.05771,60.30399],[27.05776,60.30403],[27.05764,60.30411]],[[27.05626,60.24626],[27.05612,60.24616],[27.05631,60.24617],[27.05626,60.24626]],[[27.05554,60.24659],[27.05354,60.24838],[27.052,60.24834],[27.05308,60.24711],[27.05554,60.24659]],[[27.05221,60.30124],[27.05037,60.30118],[27.04939,60.30079],[27.05312,60.30014],[27.05221,60.30124]],[[27.0514,60.29604],[27.05201,60.29567],[27.05215,60.29571],[27.0514,60.29604]],[[27.05031,60.29474],[27.05091,60.29473],[27.05028,60.29491],[27.05031,60.29474]],[[27.04934,60.2952],[27.04941,60.29511],[27.04944,60.29516],[27.04934,60.2952]],[[27.04828,60.26783],[27.04746,60.26907],[27.04649,60.2679],[27.04828,60.26783]],[[27.0458,60.30125],[27.04368,60.30035],[27.04571,60.29913],[27.04787,60.29932],[27.0458,60.30125]],[[27.04754,60.26752],[27.04758,60.26763],[27.04745,60.26758],[27.04754,60.26752]],[[27.04599,60.25459],[27.04599,60.2539],[27.04661,60.25378],[27.04672,60.25427],[27.04599,60.25459]],[[27.0458,60.2467],[27.04191,60.24557],[27.04099,60.24453],[27.04548,60.24551],[27.0458,60.2467]],[[27.04518,60.27231],[27.045,60.27214],[27.04519,60.2722],[27.04518,60.27231]],[[27.04462,60.27047],[27.04405,60.27241],[27.03897,60.27051],[27.04302,60.26948],[27.04462,60.27047]],[[27.03863,60.27405],[27.04151,60.27369],[27.04216,60.27464],[27.03949,60.27471],[27.03863,60.27405]],[[27.04091,60.24432],[27.04074,60.24426],[27.04098,60.24428],[27.04091,60.24432]],[[27.03107,60.23825],[27.03144,60.23825],[27.03151,60.2383],[27.03107,60.23825]],[[27.02767,60.23752],[27.0313,60.23848],[27.03115,60.23922],[27.02878,60.24003],[27.02767,60.23752]],[[26.94547,60.08786],[26.94886,60.08598],[26.94641,60.08318],[26.94641,60.08044],[26.94828,60.07991],[26.94858,60.07832],[26.95242,60.07595],[26.95525,60.07265],[26.95756,60.06934],[26.95698,60.06619],[26.95926,60.06338],[26.96347,60.06117],[26.96385,60.05787],[26.96681,60.05661],[26.96763,60.05492],[26.96664,60.054],[26.96894,60.05299],[26.96616,60.05012],[26.96257,60.04906],[26.96161,60.04639],[26.96913,60.0482],[26.96831,60.04644],[26.97053,60.04578],[26.96768,60.04376],[26.96545,60.04345],[26.96793,60.04283],[26.96646,60.04084],[26.96961,60.04004],[26.97092,60.0385],[26.97016,60.0375],[26.97068,60.03672],[26.97961,60.03476],[26.97865,60.03412],[26.97979,60.03303],[26.97631,60.03093],[26.97548,60.02821],[26.9794,60.02666],[26.98128,60.02426],[26.97956,60.02183],[26.98095,60.02057],[26.979,60.02002],[26.98121,60.0195],[26.98278,60.01746],[26.98125,60.0164],[26.98261,60.01483],[26.98874,60.01482],[27.00718,60.01035],[27.01089,60.01119],[27.01951,60.01635],[27.01959,60.01798],[27.02233,60.02051],[27.02762,60.02165],[27.02868,60.02482],[27.02551,60.03065],[27.02703,60.0328],[27.02716,60.03551],[27.02529,60.03717],[27.02246,60.03694],[27.01772,60.04081],[27.01711,60.04244],[27.01986,60.04513],[27.01629,60.04705],[27.00937,60.04733],[27.0098,60.04808],[27.00864,60.04852],[27.00937,60.04912],[27.00704,60.05006],[27.00904,60.05125],[27.00417,60.05258],[27.00535,60.05486],[27.0013,60.05828],[27.00295,60.05984],[26.99977,60.06201],[26.99178,60.06291],[26.9918,60.06407],[26.99528,60.06631],[26.99306,60.06871],[26.99322,60.07043],[26.99083,60.07207],[26.99221,60.07379],[26.99128,60.07561],[26.97862,60.07952],[26.98161,60.07999],[26.98209,60.08177],[26.98031,60.0838],[26.97801,60.08378],[26.97722,60.08219],[26.97567,60.08199],[26.97154,60.084],[26.97211,60.08538],[26.97491,60.0855],[26.97845,60.08942],[26.9812,60.08985],[26.97933,60.09079],[26.97939,60.09225],[26.97811,60.09363],[26.97506,60.09423],[26.95686,60.10549],[26.95158,60.10113],[26.94511,60.09914],[26.94134,60.09634],[26.9415,60.09335],[26.94372,60.09132],[26.94547,60.08786]],[[27.02738,60.25691],[27.02757,60.25972],[27.02391,60.26106],[27.02269,60.26044],[27.02386,60.25973],[27.01992,60.25827],[27.02464,60.2562],[27.02738,60.25691]],[[27.02635,60.25639],[27.02658,60.25628],[27.02663,60.25631],[27.02635,60.25639]],[[27.01907,60.25163],[27.02021,60.25299],[27.01762,60.25256],[27.01907,60.25163]],[[27.00903,60.25794],[27.00822,60.25788],[27.00916,60.25773],[27.00903,60.25794]],[[26.98629,60.23871],[26.9861,60.23858],[26.98652,60.2385],[26.98629,60.23871]],[[26.98448,60.24203],[26.98489,60.24143],[26.98511,60.24171],[26.98448,60.24203]],[[26.98466,60.24046],[26.9844,60.24032],[26.98471,60.24035],[26.98466,60.24046]],[[26.97842,60.24249],[26.97866,60.24264],[26.97842,60.24261],[26.97842,60.24249]],[[26.97811,60.24227],[26.97772,60.24208],[26.97826,60.24205],[26.97811,60.24227]],[[26.96782,60.2796],[26.96741,60.27923],[26.96821,60.27944],[26.96782,60.2796]],[[26.90764,59.81389],[26.89932,59.81453],[26.89856,59.8167],[26.89694,59.81655],[26.8985,59.80944],[26.9016,59.80559],[26.905,59.80635],[26.90964,59.80597],[26.91238,59.8072],[26.918,59.80595],[26.92188,59.80689],[26.94066,59.79909],[26.95211,59.79732],[26.92694,59.80605],[26.92178,59.80922],[26.92003,59.81317],[26.92251,59.81519],[26.91917,59.8168],[26.91943,59.81814],[26.91608,59.81794],[26.91767,59.81619],[26.91685,59.81546],[26.91448,59.81617],[26.90764,59.81389]],[[26.9515,60.29338],[26.95106,60.29292],[26.95155,60.29281],[26.9515,60.29338]],[[26.94988,60.29222],[26.95117,60.29177],[26.94957,60.29262],[26.94988,60.29222]],[[26.94988,60.29342],[26.94947,60.29345],[26.94941,60.29338],[26.94988,60.29342]],[[26.94917,60.29336],[26.94843,60.2935],[26.94806,60.29332],[26.94861,60.29295],[26.94917,60.29336]],[[26.92787,60.21207],[26.92717,60.21143],[26.92833,60.2116],[26.92787,60.21207]],[[26.92247,60.20499],[26.92261,60.20487],[26.92265,60.205],[26.92247,60.20499]],[[26.92185,60.20496],[26.92179,60.20477],[26.92204,60.20491],[26.92185,60.20496]],[[26.889,59.93149],[26.88605,59.93377],[26.88654,59.93173],[26.88375,59.92871],[26.88636,59.92876],[26.88868,59.93044],[26.889,59.93149]],[[26.86463,59.94401],[26.86178,59.94589],[26.85943,59.94474],[26.86463,59.94401]],[[26.82562,60.30476],[26.82531,60.30503],[26.82508,60.30496],[26.82562,60.30476]],[[26.82198,60.3116],[26.82299,60.31157],[26.82302,60.31196],[26.82198,60.3116]],[[26.81755,60.30139],[26.81715,60.30175],[26.81711,60.30129],[26.81755,60.30139]],[[26.81119,60.30826],[26.81546,60.30732],[26.81479,60.30807],[26.81698,60.30879],[26.81601,60.31017],[26.81574,60.3146],[26.81141,60.3154],[26.80617,60.31474],[26.80296,60.31553],[26.80309,60.317],[26.80204,60.31603],[26.80043,60.31643],[26.80103,60.31436],[26.80011,60.31369],[26.80219,60.31188],[26.80241,60.31076],[26.80125,60.31103],[26.80207,60.30983],[26.8051,60.30917],[26.80584,60.30768],[26.81119,60.30826]],[[26.79073,60.33285],[26.79357,60.32895],[26.79179,60.32725],[26.79333,60.32625],[26.79391,60.32874],[26.79036,60.3354],[26.79073,60.33285]],[[26.79273,60.3217],[26.79316,60.3221],[26.79306,60.3223],[26.79273,60.3217]],[[26.76014,60.33948],[26.75972,60.33932],[26.76027,60.33943],[26.76014,60.33948]],[[26.74594,60.31798],[26.74662,60.31895],[26.74499,60.31933],[26.74594,60.31798]],[[26.7396,60.31511],[26.73984,60.31493],[26.74,60.31496],[26.7396,60.31511]],[[26.73846,60.31399],[26.73868,60.314],[26.73845,60.31405],[26.73846,60.31399]],[[26.70633,60.31441],[26.70615,60.31429],[26.70634,60.31432],[26.70633,60.31441]],[[26.70619,60.3146],[26.70609,60.31452],[26.70623,60.31454],[26.70619,60.3146]],[[26.7061,60.31437],[26.70591,60.31444],[26.70589,60.31439],[26.7061,60.31437]],[[26.70599,60.31456],[26.7058,60.31451],[26.70601,60.31449],[26.70599,60.31456]],[[26.70485,60.31498],[26.70079,60.31498],[26.69943,60.31342],[26.70538,60.31344],[26.70451,60.31384],[26.70553,60.31424],[26.70485,60.31498]],[[26.69249,60.31586],[26.69254,60.31573],[26.69259,60.31574],[26.69249,60.31586]],[[26.692,60.31588],[26.69208,60.31552],[26.69217,60.31553],[26.692,60.31588]],[[26.67924,59.96996],[26.67768,59.96851],[26.68139,59.96659],[26.67924,59.96996]],[[26.66301,60.29226],[26.66572,60.2926],[26.66316,60.29352],[26.66301,60.29226]],[[26.65241,60.29904],[26.65462,60.30177],[26.65006,60.30317],[26.64865,60.30526],[26.64819,60.30548],[26.6489,60.30453],[26.64811,60.29723],[26.64457,60.29535],[26.64206,60.29226],[26.63746,60.29026],[26.6328,60.29049],[26.63171,60.28858],[26.63654,60.28806],[26.64031,60.29021],[26.64631,60.29148],[26.64718,60.29218],[26.64735,60.29497],[26.65244,60.29776],[26.65241,60.29904]],[[26.61513,60.2813],[26.61085,60.27908],[26.61325,60.27739],[26.61424,60.2796],[26.61741,60.28056],[26.61513,60.2813]],[[26.61686,60.27971],[26.61697,60.27989],[26.61645,60.27974],[26.61686,60.27971]],[[26.61333,60.2737],[26.61316,60.27385],[26.61309,60.27372],[26.61333,60.2737]],[[26.61132,60.27501],[26.61194,60.27493],[26.61235,60.27516],[26.61203,60.27526],[26.61132,60.27501]],[[26.61177,60.27979],[26.61176,60.27963],[26.61187,60.27971],[26.61177,60.27979]],[[26.61085,60.27398],[26.61069,60.27397],[26.6108,60.27391],[26.61085,60.27398]],[[26.6106,60.27903],[26.6092,60.27944],[26.60878,60.27902],[26.6102,60.2785],[26.6106,60.27903]],[[26.59602,60.27761],[26.59986,60.27374],[26.60453,60.27343],[26.60448,60.27262],[26.60734,60.27403],[26.61019,60.27764],[26.59975,60.28022],[26.59766,60.27963],[26.59602,60.27761]],[[26.60719,60.27341],[26.60723,60.27312],[26.60901,60.27361],[26.60804,60.27398],[26.60719,60.27341]],[[26.60795,60.27063],[26.60697,60.27087],[26.60774,60.2703],[26.60795,60.27063]],[[26.60688,60.27273],[26.60724,60.27223],[26.60775,60.27231],[26.60688,60.27273]],[[26.6075,60.27201],[26.60763,60.27213],[26.60738,60.27201],[26.6075,60.27201]],[[26.60684,60.27363],[26.60684,60.2735],[26.60697,60.27355],[26.60684,60.27363]],[[26.58943,60.25152],[26.58916,60.25057],[26.5898,60.25004],[26.59051,60.25081],[26.58943,60.25152]],[[26.58882,60.2677],[26.5886,60.26764],[26.58886,60.26764],[26.58882,60.2677]],[[26.58519,60.26435],[26.58444,60.26444],[26.58414,60.26418],[26.58464,60.26401],[26.58519,60.26435]],[[26.58482,60.2639],[26.58479,60.26397],[26.58462,60.26388],[26.58482,60.2639]],[[26.58454,60.26677],[26.58434,60.2669],[26.58411,60.26685],[26.58454,60.26677]],[[26.58359,60.26723],[26.58403,60.26748],[26.58336,60.26759],[26.58359,60.26723]],[[26.58419,60.26518],[26.58423,60.26524],[26.58409,60.26525],[26.58419,60.26518]],[[26.58392,60.26459],[26.58373,60.26485],[26.58353,60.26477],[26.58392,60.26459]],[[26.58288,60.26834],[26.58343,60.2679],[26.58408,60.26793],[26.58288,60.26834]],[[26.5833,60.2653],[26.58367,60.26544],[26.58313,60.26542],[26.5833,60.2653]],[[26.58225,60.26723],[26.58328,60.2673],[26.58219,60.26734],[26.58225,60.26723]],[[26.58312,60.26522],[26.58315,60.26505],[26.58339,60.26491],[26.58312,60.26522]],[[26.58282,60.26552],[26.58311,60.2656],[26.58275,60.26556],[26.58282,60.26552]],[[26.582,60.26275],[26.5821,60.26268],[26.58219,60.26276],[26.582,60.26275]],[[26.56874,60.28519],[26.56925,60.2848],[26.56961,60.28494],[26.56938,60.28516],[26.56874,60.28519]],[[26.56407,60.33231],[26.56613,60.3311],[26.56694,60.33159],[26.5661,60.33295],[26.56407,60.33231]],[[26.55382,60.26318],[26.55093,60.26055],[26.55439,60.26035],[26.55617,60.26235],[26.55382,60.26318]],[[26.55169,60.28736],[26.55158,60.28703],[26.552,60.28707],[26.55169,60.28736]],[[26.5504,60.28674],[26.55118,60.28624],[26.55199,60.28621],[26.5504,60.28674]],[[26.54897,60.31426],[26.54889,60.31341],[26.54963,60.31356],[26.54897,60.31426]],[[26.54948,60.28589],[26.54641,60.28605],[26.54631,60.28547],[26.54948,60.28589]],[[26.54258,60.31675],[26.54542,60.31626],[26.5472,60.31701],[26.54348,60.3187],[26.54356,60.31735],[26.54258,60.31675]],[[26.54349,60.32539],[26.5465,60.32511],[26.54336,60.326],[26.54349,60.32539]],[[26.54416,60.31517],[26.54395,60.31505],[26.54419,60.31507],[26.54416,60.31517]],[[26.54339,60.31169],[26.54335,60.31152],[26.54352,60.31156],[26.54339,60.31169]],[[26.54284,60.32647],[26.54298,60.32625],[26.54314,60.32638],[26.54284,60.32647]],[[26.54004,60.31304],[26.54083,60.31131],[26.54289,60.31191],[26.5417,60.31287],[26.54004,60.31304]],[[26.54273,60.3112],[26.54225,60.31126],[26.54249,60.31111],[26.54273,60.3112]],[[26.54238,60.31111],[26.54232,60.31101],[26.54247,60.31107],[26.54238,60.31111]],[[26.54099,60.32727],[26.54093,60.32689],[26.54127,60.32709],[26.54099,60.32727]],[[26.53548,59.65814],[26.53447,59.65551],[26.53538,59.65364],[26.53787,59.65447],[26.53508,59.65618],[26.53659,59.65751],[26.53548,59.65814]],[[26.53658,60.33266],[26.53685,60.33238],[26.53726,60.33256],[26.53658,60.33266]],[[26.5221,60.31864],[26.52382,60.31865],[26.52393,60.31923],[26.52256,60.31963],[26.5221,60.31864]],[[26.51004,59.68302],[26.50921,59.68293],[26.50928,59.68161],[26.51051,59.67992],[26.50992,59.67781],[26.50858,59.67724],[26.50857,59.67567],[26.50896,59.67483],[26.5115,59.67448],[26.51309,59.6766],[26.5109,59.67897],[26.51168,59.68132],[26.51035,59.68144],[26.51004,59.68302]],[[26.49317,60.30689],[26.48817,60.30902],[26.4854,60.3075],[26.48618,60.30601],[26.48926,60.30451],[26.49392,60.30544],[26.49317,60.30689]],[[26.49225,60.30925],[26.49222,60.30917],[26.4923,60.30922],[26.49225,60.30925]],[[26.48733,60.28105],[26.48754,60.28063],[26.48792,60.28094],[26.48733,60.28105]],[[26.48459,60.28068],[26.48475,60.2806],[26.48476,60.28067],[26.48459,60.28068]],[[26.48381,60.2812],[26.48375,60.28102],[26.48395,60.28108],[26.48381,60.2812]],[[26.48019,60.27929],[26.48185,60.27958],[26.48019,60.28105],[26.47962,60.28077],[26.48019,60.27929]],[[26.47609,60.27857],[26.47594,60.27887],[26.47567,60.27874],[26.47609,60.27857]],[[26.47038,60.28352],[26.47059,60.28337],[26.47065,60.28341],[26.47038,60.28352]],[[26.45872,60.26925],[26.4559,60.27283],[26.45336,60.27139],[26.45651,60.26846],[26.45872,60.26925]],[[26.4565,60.27773],[26.45726,60.27743],[26.45836,60.27776],[26.45706,60.27809],[26.4565,60.27773]],[[26.44476,60.27533],[26.43704,60.2748],[26.43554,60.27339],[26.43746,60.27239],[26.44701,60.27289],[26.44822,60.27312],[26.44798,60.27445],[26.4506,60.27309],[26.45594,60.27642],[26.45256,60.27699],[26.44918,60.27545],[26.44706,60.27569],[26.44702,60.27481],[26.44484,60.27518],[26.44601,60.27619],[26.44476,60.27533]],[[26.45143,60.27273],[26.45087,60.27256],[26.45156,60.27269],[26.45143,60.27273]],[[26.41671,60.26751],[26.4139,60.26752],[26.41297,60.26507],[26.41627,60.26601],[26.41671,60.26751]],[[26.41629,60.26898],[26.41648,60.26891],[26.41658,60.26893],[26.41629,60.26898]],[[26.41548,60.26837],[26.41573,60.26893],[26.41508,60.26873],[26.41548,60.26837]],[[26.41519,60.26529],[26.41518,60.26545],[26.41493,60.26538],[26.41519,60.26529]],[[26.41481,60.26932],[26.41467,60.26904],[26.41517,60.2691],[26.41481,60.26932]],[[26.41472,60.26546],[26.4149,60.26542],[26.4149,60.26546],[26.41472,60.26546]],[[26.41266,60.26699],[26.41363,60.26807],[26.41133,60.26738],[26.41266,60.26699]],[[26.41232,60.26861],[26.41193,60.26872],[26.41193,60.26854],[26.41232,60.26861]],[[26.41155,60.26842],[26.41154,60.26854],[26.41138,60.26843],[26.41155,60.26842]],[[26.41108,60.26706],[26.41118,60.26721],[26.41106,60.26719],[26.41108,60.26706]],[[26.40261,60.25906],[26.40329,60.25617],[26.40155,60.25418],[26.40212,60.25341],[26.4047,60.25492],[26.4045,60.25609],[26.40804,60.2573],[26.40727,60.25766],[26.40797,60.25818],[26.40261,60.25906]],[[26.40332,60.26375],[26.40366,60.26279],[26.40567,60.26237],[26.40757,60.26368],[26.40625,60.26439],[26.4051,60.26286],[26.40424,60.26415],[26.40332,60.26375]],[[26.40725,60.26488],[26.40687,60.26491],[26.40686,60.26488],[26.40725,60.26488]],[[26.40234,60.25948],[26.4046,60.26145],[26.40574,60.26175],[26.40463,60.26225],[26.40249,60.26143],[26.40155,60.26006],[26.40234,60.25948]],[[26.40394,60.26417],[26.4039,60.26434],[26.40381,60.26431],[26.40394,60.26417]],[[26.39697,60.25895],[26.40109,60.25749],[26.40136,60.25772],[26.4007,60.26009],[26.3991,60.26084],[26.39697,60.25895]],[[26.39814,60.25805],[26.39801,60.25821],[26.39792,60.25807],[26.39814,60.25805]],[[26.38018,60.2455],[26.38094,60.24513],[26.38132,60.24516],[26.38082,60.24562],[26.38018,60.2455]],[[26.37925,60.24578],[26.3796,60.24554],[26.38004,60.24562],[26.37925,60.24578]],[[26.36989,60.257],[26.36569,60.25755],[26.36478,60.25705],[26.36956,60.25624],[26.36836,60.25689],[26.36989,60.257]],[[26.36812,60.25625],[26.36944,60.25588],[26.36953,60.25604],[26.36812,60.25625]],[[26.36639,60.24277],[26.36652,60.24234],[26.36699,60.24235],[26.36639,60.24277]],[[26.36501,60.24276],[26.36502,60.24259],[26.36528,60.24271],[26.36501,60.24276]],[[26.35876,59.82202],[26.36046,59.81972],[26.35833,59.81888],[26.35811,59.81742],[26.3624,59.81518],[26.3625,59.81668],[26.36054,59.8184],[26.36041,59.82129],[26.35876,59.82202]],[[26.34729,60.25307],[26.34768,60.25299],[26.34745,60.25319],[26.34729,60.25307]],[[26.34181,60.28512],[26.34308,60.28455],[26.34309,60.28511],[26.34181,60.28512]],[[26.33855,60.274],[26.34014,60.27509],[26.33848,60.2764],[26.33789,60.27497],[26.33855,60.274]],[[26.33743,60.27987],[26.33827,60.28251],[26.33971,60.28396],[26.33777,60.2843],[26.33845,60.28374],[26.33743,60.27987]],[[26.33666,60.28277],[26.33615,60.28234],[26.33653,60.28236],[26.33666,60.28277]],[[26.33288,60.2858],[26.33158,60.28516],[26.33386,60.28457],[26.33594,60.2858],[26.33193,60.28646],[26.33288,60.2858]],[[26.33295,60.21931],[26.33113,60.21892],[26.33384,60.2188],[26.33295,60.21931]],[[26.32974,60.21799],[26.32901,60.21752],[26.33065,60.21751],[26.32974,60.21799]],[[26.31798,60.27827],[26.31738,60.27796],[26.318,60.27799],[26.31798,60.27827]],[[26.29653,60.22028],[26.29867,60.21939],[26.30076,60.21987],[26.29976,60.2191],[26.30105,60.21839],[26.30503,60.21999],[26.30295,60.22169],[26.2991,60.22149],[26.29653,60.22028]],[[26.28028,60.21915],[26.28067,60.21838],[26.28106,60.21891],[26.28028,60.21915]],[[26.2773,60.23657],[26.27841,60.23661],[26.27713,60.23741],[26.2773,60.23657]],[[26.27423,60.21479],[26.27421,60.21399],[26.27489,60.21443],[26.27423,60.21479]],[[26.26935,60.2926],[26.26834,60.29216],[26.2671,60.29163],[26.26887,60.29177],[26.26935,60.2926]],[[26.26689,60.16906],[26.26671,60.16923],[26.26668,60.16908],[26.26689,60.16906]],[[26.26498,60.16647],[26.26465,60.16679],[26.26456,60.16669],[26.26498,60.16647]],[[26.2644,60.16653],[26.26435,60.16666],[26.2643,60.16662],[26.2644,60.16653]],[[26.26417,60.16666],[26.26421,60.16693],[26.26403,60.16687],[26.26417,60.16666]],[[26.26402,60.16706],[26.26361,60.16708],[26.2639,60.16677],[26.26402,60.16706]],[[26.26346,60.16583],[26.26348,60.16568],[26.26375,60.16571],[26.26346,60.16583]],[[26.26336,60.16555],[26.26321,60.16519],[26.2637,60.16518],[26.26336,60.16555]],[[26.26262,60.16768],[26.26312,60.16753],[26.26365,60.16769],[26.26262,60.16768]],[[26.26052,60.1626],[26.26077,60.16225],[26.26093,60.16227],[26.26052,60.1626]],[[26.26035,60.16249],[26.26017,60.16226],[26.2606,60.16222],[26.26035,60.16249]],[[26.25975,60.16517],[26.25916,60.1646],[26.2599,60.164],[26.26017,60.16451],[26.25975,60.16517]],[[26.25967,60.16395],[26.25982,60.16384],[26.25985,60.16387],[26.25967,60.16395]],[[26.25911,60.16157],[26.25944,60.16159],[26.25911,60.16167],[26.25911,60.16157]],[[26.25938,60.16269],[26.25837,60.16333],[26.25723,60.16364],[26.25902,60.16177],[26.25938,60.16269]],[[26.25823,60.16217],[26.25691,60.1629],[26.25663,60.16254],[26.25823,60.16217]],[[26.23231,60.25688],[26.23342,60.25707],[26.23127,60.25739],[26.23196,60.25684],[26.23292,60.25672],[26.23231,60.25688]],[[26.22231,60.2523],[26.2218,60.25258],[26.22147,60.25248],[26.22231,60.2523]],[[26.22168,60.25279],[26.22137,60.25271],[26.22191,60.25265],[26.22168,60.25279]],[[26.22117,60.25171],[26.22102,60.25189],[26.2209,60.25185],[26.22117,60.25171]],[[26.22079,60.25336],[26.22119,60.2533],[26.22077,60.25342],[26.22079,60.25336]],[[26.22087,60.25313],[26.22068,60.253],[26.22092,60.25301],[26.22087,60.25313]],[[26.22067,60.25364],[26.22071,60.25393],[26.22046,60.25383],[26.22067,60.25364]],[[26.22041,60.25319],[26.22023,60.25325],[26.22023,60.25319],[26.22041,60.25319]],[[26.21604,60.25452],[26.22021,60.25429],[26.21621,60.25609],[26.21314,60.25884],[26.20899,60.25957],[26.21408,60.25534],[26.21614,60.25588],[26.21543,60.25502],[26.21604,60.25452]],[[26.21782,60.25925],[26.21647,60.25976],[26.21608,60.25948],[26.21782,60.25925]],[[26.21509,60.19676],[26.21509,60.19708],[26.21491,60.19699],[26.21509,60.19676]],[[26.21292,60.25598],[26.21319,60.25552],[26.21335,60.25558],[26.21292,60.25598]],[[26.20655,60.25723],[26.20742,60.25827],[26.20218,60.2592],[26.20267,60.26007],[26.20703,60.25957],[26.2061,60.26164],[26.2047,60.26093],[26.20213,60.26179],[26.1996,60.26031],[26.1947,60.26103],[26.19486,60.25969],[26.19862,60.25782],[26.20655,60.25723]],[[26.207,60.25908],[26.20683,60.25907],[26.20713,60.25898],[26.207,60.25908]],[[26.20523,60.25952],[26.20592,60.25911],[26.20615,60.25915],[26.20523,60.25952]],[[26.2047,60.25921],[26.20564,60.25887],[26.20463,60.2593],[26.2047,60.25921]],[[26.20422,60.25914],[26.20431,60.25893],[26.2045,60.25887],[26.20422,60.25914]],[[26.20382,60.25959],[26.20398,60.25929],[26.20413,60.25935],[26.20382,60.25959]],[[26.1594,60.16141],[26.15939,60.16128],[26.15951,60.16132],[26.1594,60.16141]],[[26.14507,60.17718],[26.14677,60.17681],[26.14471,60.17753],[26.14406,60.17956],[26.14012,60.18136],[26.14507,60.17718]],[[26.14313,60.17665],[26.14332,60.17648],[26.14341,60.17654],[26.14313,60.17665]],[[26.13482,60.1835],[26.13546,60.1829],[26.13805,60.18204],[26.13706,60.18259],[26.13482,60.1835]],[[26.13321,60.184],[26.1329,60.18397],[26.1333,60.18395],[26.13321,60.184]],[[26.1258,60.18262],[26.12712,60.18344],[26.12528,60.18268],[26.1258,60.18262]],[[26.08515,60.20366],[26.08504,60.20378],[26.08499,60.20371],[26.08515,60.20366]],[[26.08384,60.15492],[26.08444,60.15447],[26.08467,60.15446],[26.08384,60.15492]],[[26.08275,60.15129],[26.08346,60.15077],[26.08361,60.15088],[26.08275,60.15129]],[[26.08273,60.15228],[26.08309,60.15202],[26.08321,60.15206],[26.08273,60.15228]],[[26.08277,60.15253],[26.08248,60.1528],[26.0823,60.15274],[26.08277,60.15253]],[[26.08256,60.1524],[26.08246,60.15254],[26.08238,60.1525],[26.08256,60.1524]],[[26.08196,60.15248],[26.08202,60.15258],[26.08191,60.15255],[26.08196,60.15248]],[[26.08068,60.20967],[26.08075,60.21039],[26.08016,60.20987],[26.08068,60.20967]],[[26.07961,60.21372],[26.07957,60.21395],[26.07942,60.21387],[26.07961,60.21372]],[[26.0747,60.22295],[26.0746,60.22322],[26.0744,60.22316],[26.0747,60.22295]],[[26.07392,60.22258],[26.0739,60.22284],[26.0738,60.22262],[26.07392,60.22258]],[[26.06855,60.20766],[26.07254,60.20761],[26.07351,60.20879],[26.07075,60.20903],[26.06855,60.20766]],[[26.07138,60.22325],[26.07317,60.2227],[26.07145,60.22376],[26.07138,60.22325]],[[26.07067,60.19554],[26.07048,60.19627],[26.0692,60.19624],[26.06962,60.19587],[26.07067,60.19554]],[[26.06968,60.22374],[26.0687,60.22425],[26.06848,60.22414],[26.06968,60.22374]],[[26.06586,60.22359],[26.06197,60.223],[26.06434,60.22143],[26.06757,60.22262],[26.06586,60.22359]],[[26.05558,60.21802],[26.05686,60.21634],[26.0604,60.21733],[26.05754,60.21891],[26.05558,60.21802]],[[26.0552,60.21707],[26.05566,60.21683],[26.05565,60.21708],[26.0552,60.21707]],[[26.0473,60.20003],[26.04801,60.20029],[26.04683,60.20023],[26.0473,60.20003]],[[26.04634,60.18393],[26.04754,60.18357],[26.04628,60.184],[26.04634,60.18393]],[[26.04613,60.19838],[26.04576,60.1985],[26.04568,60.19839],[26.04613,60.19838]],[[26.04601,60.18403],[26.04563,60.18415],[26.04555,60.18412],[26.04601,60.18403]],[[26.0449,60.20321],[26.0456,60.20289],[26.04564,60.20318],[26.0449,60.20321]],[[26.04224,60.1988],[26.04551,60.19843],[26.04201,60.19904],[26.04224,60.1988]],[[26.04387,60.19751],[26.04188,60.19805],[26.04238,60.19765],[26.04169,60.19772],[26.04234,60.19749],[26.04387,60.19751]],[[26.04307,60.21018],[26.04334,60.21053],[26.04282,60.21043],[26.04307,60.21018]],[[26.04331,60.21091],[26.04297,60.21099],[26.0429,60.21096],[26.04331,60.21091]],[[26.04269,60.20997],[26.04249,60.21003],[26.04246,60.20999],[26.04269,60.20997]],[[26.03958,60.19994],[26.03796,60.1998],[26.03791,60.19974],[26.03958,60.19994]],[[26.03632,60.20357],[26.03633,60.20382],[26.03618,60.20366],[26.03632,60.20357]],[[26.03126,60.20937],[26.03477,60.20987],[26.03048,60.21028],[26.03126,60.20937]],[[26.02851,60.20417],[26.02844,60.20428],[26.02816,60.20421],[26.02851,60.20417]],[[26.02571,60.20239],[26.02564,60.20288],[26.02533,60.20274],[26.02571,60.20239]],[[26.02581,60.20218],[26.02591,60.20235],[26.02572,60.2023],[26.02581,60.20218]],[[26.02489,60.20171],[26.02529,60.20229],[26.0247,60.20188],[26.02489,60.20171]],[[26.02459,60.20268],[26.0247,60.20234],[26.02486,60.20261],[26.02459,60.20268]],[[26.02114,60.20292],[26.02264,60.20283],[26.02305,60.20314],[26.02179,60.20372],[26.02114,60.20292]],[[26.01606,60.19188],[26.01663,60.19157],[26.01687,60.19155],[26.01606,60.19188]],[[26.00773,60.19339],[26.00708,60.19327],[26.00783,60.19335],[26.00773,60.19339]],[[26.00754,60.19366],[26.00739,60.19391],[26.00727,60.19388],[26.00754,60.19366]],[[26.00581,60.19437],[26.00496,60.19322],[26.00672,60.1939],[26.00581,60.19437]],[[26.00282,60.20281],[26.00331,60.20231],[26.00354,60.20265],[26.00282,60.20281]],[[26.00191,60.20287],[26.00039,60.20265],[25.99969,60.20211],[26.00146,60.20136],[26.0026,60.20203],[26.00191,60.20287]],[[25.98514,60.19148],[25.98457,60.19174],[25.98453,60.19161],[25.98514,60.19148]],[[25.98455,60.19154],[25.98462,60.19118],[25.98482,60.19123],[25.98455,60.19154]],[[25.98428,60.19102],[25.98406,60.19124],[25.98391,60.19118],[25.98428,60.19102]],[[25.97682,60.19291],[25.9761,60.19346],[25.97546,60.19333],[25.97682,60.19291]],[[25.97256,60.19597],[25.97149,60.19635],[25.97143,60.19586],[25.97256,60.19597]],[[25.97119,60.19625],[25.97103,60.19633],[25.97098,60.19628],[25.97119,60.19625]],[[25.96917,60.19516],[25.96619,60.19414],[25.97022,60.19371],[25.96948,60.19428],[25.97079,60.19485],[25.96879,60.19564],[25.96917,60.19516]],[[25.97001,60.19562],[25.97,60.19598],[25.96982,60.19567],[25.97001,60.19562]],[[25.96868,60.19557],[25.96834,60.19541],[25.96881,60.19548],[25.96868,60.19557]],[[25.96716,60.19357],[25.96818,60.19321],[25.96839,60.19323],[25.96716,60.19357]],[[25.96724,60.19329],[25.96704,60.19321],[25.96731,60.19319],[25.96724,60.19329]],[[25.96655,60.19624],[25.96639,60.1964],[25.96646,60.19618],[25.96655,60.19624]],[[25.96642,60.19689],[25.96642,60.19679],[25.96654,60.19685],[25.96642,60.19689]],[[25.96617,60.19695],[25.96595,60.1966],[25.9664,60.19652],[25.96617,60.19695]],[[25.96552,60.19694],[25.96551,60.19708],[25.96542,60.19698],[25.96552,60.19694]],[[25.89618,60.1697],[25.89616,60.1699],[25.89599,60.16982],[25.89618,60.1697]],[[25.88107,60.18741],[25.88077,60.18655],[25.88179,60.18683],[25.88107,60.18741]],[[25.87801,60.18905],[25.87797,60.18895],[25.87808,60.189],[25.87801,60.18905]],[[25.87783,60.18586],[25.8776,60.18596],[25.87748,60.1859],[25.87783,60.18586]],[[25.87768,60.18888],[25.87749,60.18891],[25.87742,60.18887],[25.87768,60.18888]],[[25.87766,60.18913],[25.87739,60.18908],[25.87736,60.18904],[25.87766,60.18913]],[[25.87707,60.18872],[25.87614,60.18828],[25.87609,60.18819],[25.87672,60.18828],[25.87707,60.18872]],[[25.87676,60.18887],[25.87594,60.1884],[25.87689,60.18884],[25.87676,60.18887]],[[25.87674,60.18904],[25.87656,60.18896],[25.87677,60.18902],[25.87674,60.18904]],[[25.8759,60.18875],[25.87564,60.18856],[25.87598,60.18869],[25.8759,60.18875]],[[25.86586,60.17714],[25.86559,60.178],[25.86457,60.17763],[25.86586,60.17714]],[[25.85838,60.16735],[25.85808,60.16739],[25.85803,60.16735],[25.85838,60.16735]],[[25.85792,60.16713],[25.85615,60.1683],[25.85405,60.16776],[25.85687,60.16682],[25.85792,60.16713]],[[25.85568,60.16677],[25.85546,60.1668],[25.85541,60.16675],[25.85568,60.16677]],[[25.85534,60.10529],[25.85444,60.10531],[25.85543,60.1052],[25.85534,60.10529]],[[25.85395,60.16945],[25.8546,60.16963],[25.85334,60.16958],[25.85395,60.16945]],[[25.85325,60.1696],[25.85259,60.16931],[25.85347,60.16938],[25.85325,60.1696]],[[25.85095,60.169],[25.84672,60.16786],[25.85039,60.16685],[25.85309,60.16785],[25.85242,60.16869],[25.85331,60.16875],[25.85095,60.169]],[[25.85113,60.16361],[25.85091,60.16351],[25.85117,60.16358],[25.85113,60.16361]],[[25.84684,60.17036],[25.84725,60.1706],[25.84665,60.17042],[25.84684,60.17036]],[[25.84631,60.1815],[25.84499,60.18238],[25.84554,60.18102],[25.84631,60.1815]],[[25.84215,60.10611],[25.84044,60.1063],[25.83963,60.10602],[25.84041,60.10583],[25.84215,60.10611]],[[25.84186,60.16902],[25.84024,60.16957],[25.83994,60.16879],[25.84186,60.16902]],[[25.84158,60.18049],[25.841,60.18106],[25.84086,60.18064],[25.84158,60.18049]],[[25.84056,60.16768],[25.84032,60.16836],[25.83952,60.16785],[25.84056,60.16768]],[[25.83935,60.16821],[25.83939,60.16805],[25.83947,60.16813],[25.83935,60.16821]],[[25.83896,60.16825],[25.83895,60.1684],[25.83884,60.16836],[25.83896,60.16825]],[[25.83856,60.16745],[25.83834,60.16759],[25.83822,60.16756],[25.83856,60.16745]],[[25.83514,60.168],[25.83642,60.16716],[25.83663,60.16742],[25.83514,60.168]],[[25.83606,60.16925],[25.83611,60.16938],[25.83599,60.16936],[25.83606,60.16925]],[[25.83345,60.16809],[25.83555,60.16875],[25.83285,60.16848],[25.83345,60.16809]],[[25.83506,60.16919],[25.83511,60.16927],[25.83498,60.16924],[25.83506,60.16919]],[[25.83504,60.16939],[25.83495,60.16931],[25.83508,60.16934],[25.83504,60.16939]],[[25.83222,60.1797],[25.83192,60.17984],[25.83186,60.17979],[25.83222,60.1797]],[[25.83201,60.18025],[25.83175,60.18016],[25.83207,60.18021],[25.83201,60.18025]],[[25.8213,60.16703],[25.82152,60.16669],[25.82172,60.16682],[25.8213,60.16703]],[[25.82041,60.08755],[25.82098,60.08695],[25.82131,60.08714],[25.82041,60.08755]],[[25.78888,59.68575],[25.79608,59.68166],[25.79669,59.68004],[25.79506,59.67865],[25.79809,59.67716],[25.81894,59.67111],[25.82046,59.67178],[25.81908,59.67269],[25.82049,59.67267],[25.82021,59.67342],[25.81862,59.67313],[25.81947,59.67348],[25.81854,59.67384],[25.8205,59.67422],[25.81919,59.67489],[25.82084,59.67612],[25.81761,59.67615],[25.81353,59.67459],[25.81244,59.6758],[25.8107,59.67525],[25.80634,59.67773],[25.80432,59.67767],[25.80375,59.67933],[25.8029,59.67875],[25.80054,59.67974],[25.80092,59.68046],[25.79944,59.68047],[25.80183,59.68285],[25.80077,59.68402],[25.79913,59.68394],[25.79727,59.68525],[25.78888,59.68575]],[[25.82073,60.16722],[25.8209,60.16705],[25.82098,60.1671],[25.82073,60.16722]],[[25.8203,60.16819],[25.82009,60.16739],[25.8209,60.16734],[25.8203,60.16819]],[[25.81526,60.16574],[25.81565,60.16555],[25.81577,60.16558],[25.81526,60.16574]],[[25.81278,60.16592],[25.81346,60.16553],[25.81392,60.16571],[25.81278,60.16592]],[[25.80869,60.18013],[25.80918,60.1803],[25.80869,60.18031],[25.80869,60.18013]],[[25.80788,60.18026],[25.80803,60.18006],[25.8084,60.1802],[25.80788,60.18026]],[[25.80802,60.18038],[25.80811,60.18033],[25.80812,60.18038],[25.80802,60.18038]],[[25.80696,60.1184],[25.80656,60.11815],[25.80725,60.11816],[25.80696,60.1184]],[[25.80579,60.16549],[25.80573,60.16558],[25.80565,60.16554],[25.80579,60.16549]],[[25.80263,60.16478],[25.80436,60.16502],[25.80448,60.16526],[25.80114,60.16579],[25.80263,60.16478]],[[25.80396,60.1718],[25.80409,60.17151],[25.80433,60.17154],[25.80396,60.1718]],[[25.80246,60.17092],[25.80208,60.16981],[25.80301,60.17032],[25.80246,60.17092]],[[25.80207,60.16486],[25.8018,60.16462],[25.80233,60.16467],[25.80207,60.16486]],[[25.80092,60.16973],[25.80054,60.1696],[25.80101,60.16966],[25.80092,60.16973]],[[25.79504,60.17733],[25.79601,60.17704],[25.7976,60.1781],[25.79569,60.17839],[25.79504,60.17733]],[[25.79603,60.1851],[25.79594,60.1845],[25.79637,60.18492],[25.79603,60.1851]],[[25.79438,60.17076],[25.79509,60.17032],[25.7957,60.17072],[25.79438,60.17076]],[[25.79542,60.17907],[25.79531,60.17865],[25.79567,60.17867],[25.79542,60.17907]],[[25.79517,60.18543],[25.79542,60.18544],[25.79509,60.18551],[25.79517,60.18543]],[[25.795,60.18416],[25.79482,60.18479],[25.79436,60.18443],[25.795,60.18416]],[[25.79456,60.17618],[25.79465,60.17645],[25.79452,60.17642],[25.79456,60.17618]],[[25.794,60.18423],[25.79407,60.1841],[25.79427,60.18421],[25.794,60.18423]],[[25.79202,60.18312],[25.79351,60.18333],[25.79405,60.18358],[25.79309,60.18381],[25.79202,60.18312]],[[25.79396,60.18999],[25.78992,60.1896],[25.79142,60.18882],[25.79396,60.18999]],[[25.77855,60.18249],[25.78419,60.18316],[25.78582,60.18479],[25.7922,60.18646],[25.79373,60.18823],[25.78805,60.18777],[25.7848,60.18566],[25.78009,60.18505],[25.78003,60.18398],[25.77792,60.18312],[25.77855,60.18249]],[[25.79292,60.18622],[25.79246,60.18601],[25.793,60.18611],[25.79292,60.18622]],[[25.79152,60.04059],[25.79146,60.04053],[25.79157,60.04056],[25.79152,60.04059]],[[25.79069,60.04151],[25.79033,60.0413],[25.79106,60.04133],[25.79069,60.04151]],[[25.78899,60.16279],[25.78926,60.16211],[25.79005,60.16245],[25.78899,60.16279]],[[25.78979,60.18819],[25.78977,60.18814],[25.78985,60.18815],[25.78979,60.18819]],[[25.78948,60.16328],[25.78957,60.16359],[25.78921,60.16348],[25.78948,60.16328]],[[25.78824,60.16217],[25.78839,60.16202],[25.78855,60.16207],[25.78824,60.16217]],[[25.78762,60.16227],[25.78723,60.1624],[25.78709,60.16231],[25.78762,60.16227]],[[25.78704,60.16209],[25.78323,60.16183],[25.78292,60.16147],[25.78704,60.16209]],[[25.78588,60.18727],[25.78594,60.18749],[25.7856,60.18735],[25.78588,60.18727]],[[25.78485,60.18707],[25.78469,60.18738],[25.78408,60.18744],[25.78485,60.18707]],[[25.78451,60.18619],[25.78453,60.18628],[25.78444,60.18623],[25.78451,60.18619]],[[25.78402,60.18278],[25.78388,60.18232],[25.78446,60.18259],[25.78402,60.18278]],[[25.78395,60.18672],[25.7844,60.18693],[25.78383,60.18688],[25.78395,60.18672]],[[25.78267,60.17874],[25.78183,60.17898],[25.78178,60.17877],[25.78267,60.17874]],[[25.7774,60.16061],[25.77982,60.15926],[25.78143,60.15938],[25.77997,60.15976],[25.77958,60.16086],[25.7774,60.16061]],[[25.77655,60.17563],[25.77961,60.17535],[25.78008,60.17559],[25.77757,60.17656],[25.77655,60.17563]],[[25.7774,60.18521],[25.77715,60.18543],[25.77704,60.18531],[25.7774,60.18521]],[[25.77647,60.18268],[25.77705,60.18224],[25.77747,60.18235],[25.77647,60.18268]],[[25.7767,60.1866],[25.77707,60.18659],[25.77718,60.18664],[25.7767,60.1866]],[[25.77467,60.17811],[25.77716,60.1786],[25.77447,60.17835],[25.77467,60.17811]],[[25.77691,60.18544],[25.77651,60.18603],[25.77614,60.18584],[25.77691,60.18544]],[[25.77638,60.18624],[25.7763,60.18608],[25.77652,60.18621],[25.77638,60.18624]],[[25.77425,60.17536],[25.77624,60.17579],[25.77444,60.17593],[25.77425,60.17536]],[[25.77616,60.18193],[25.77209,60.18257],[25.77129,60.18216],[25.77476,60.18131],[25.77616,60.18193]],[[25.77381,60.15995],[25.77494,60.15933],[25.77462,60.15992],[25.77598,60.16009],[25.77381,60.15995]],[[25.77566,60.18497],[25.77551,60.18492],[25.77567,60.18492],[25.77566,60.18497]],[[25.77523,60.18507],[25.77524,60.18534],[25.77507,60.1852],[25.77523,60.18507]],[[25.77429,60.18773],[25.7754,60.18847],[25.77389,60.18806],[25.77429,60.18773]],[[25.77523,60.18493],[25.77496,60.18496],[25.77531,60.18481],[25.77523,60.18493]],[[25.77476,60.15874],[25.77484,60.15837],[25.77496,60.15843],[25.77476,60.15874]],[[25.77443,60.17762],[25.7747,60.17743],[25.77481,60.17763],[25.77443,60.17762]],[[25.77399,60.16016],[25.77381,60.16025],[25.77376,60.16021],[25.77399,60.16016]],[[25.77371,60.17741],[25.7737,60.17718],[25.77389,60.17726],[25.77371,60.17741]],[[25.77336,60.17836],[25.77082,60.17746],[25.77062,60.1769],[25.77236,60.17679],[25.77336,60.17836]],[[25.77174,60.17589],[25.77207,60.176],[25.77166,60.17592],[25.77174,60.17589]],[[25.77145,60.17613],[25.77126,60.17647],[25.77101,60.17627],[25.77145,60.17613]],[[25.77099,60.18736],[25.77128,60.18786],[25.77075,60.1877],[25.77099,60.18736]],[[25.77048,60.18758],[25.77054,60.18746],[25.77072,60.18751],[25.77048,60.18758]],[[25.76881,60.18699],[25.76939,60.18678],[25.76958,60.18695],[25.76881,60.18699]],[[25.76852,60.18621],[25.7685,60.18663],[25.76801,60.18636],[25.76852,60.18621]],[[25.76152,60.17833],[25.76209,60.17788],[25.76286,60.17817],[25.76152,60.17833]],[[25.76239,60.17789],[25.76223,60.17755],[25.76251,60.17782],[25.76239,60.17789]],[[25.75716,60.15243],[25.75776,60.1526],[25.7571,60.15251],[25.75716,60.15243]],[[25.72781,60.17534],[25.72697,60.17556],[25.72468,60.17503],[25.72634,60.17478],[25.72781,60.17534]],[[25.70669,60.13422],[25.70701,60.13405],[25.70711,60.1341],[25.70669,60.13422]],[[25.70677,60.13472],[25.7058,60.13511],[25.70549,60.13502],[25.70677,60.13472]],[[25.70093,60.17623],[25.69987,60.17611],[25.70113,60.17578],[25.70093,60.17623]],[[25.69597,60.16787],[25.69553,60.16791],[25.6958,60.16767],[25.69597,60.16787]],[[25.69339,60.17093],[25.69312,60.17105],[25.69305,60.17103],[25.69339,60.17093]],[[25.69321,60.17118],[25.69235,60.17153],[25.69229,60.1711],[25.69321,60.17118]],[[25.69224,60.17165],[25.6923,60.17159],[25.69244,60.17168],[25.69224,60.17165]],[[25.68464,60.11864],[25.68517,60.1193],[25.68438,60.11879],[25.68464,60.11864]],[[25.67698,60.12845],[25.67428,60.12744],[25.67207,60.12666],[25.67414,60.12691],[25.67698,60.12845]],[[25.66899,60.16951],[25.66887,60.16955],[25.66883,60.16946],[25.66899,60.16951]],[[25.66707,60.17105],[25.66691,60.17123],[25.66676,60.17107],[25.66707,60.17105]],[[25.66522,60.17024],[25.66598,60.17041],[25.66651,60.17126],[25.66539,60.17143],[25.66522,60.17024]],[[25.6636,60.18091],[25.66363,60.18114],[25.66351,60.18111],[25.6636,60.18091]],[[25.65972,60.18219],[25.66065,60.18253],[25.6598,60.18265],[25.65972,60.18219]],[[25.64251,60.09719],[25.6418,60.09729],[25.64177,60.09696],[25.64251,60.09719]],[[25.63736,60.07588],[25.63753,60.07545],[25.63778,60.07567],[25.63736,60.07588]],[[25.6252,60.14661],[25.62639,60.14496],[25.62792,60.14549],[25.62789,60.14714],[25.6252,60.14661]],[[25.62671,60.15655],[25.62319,60.16057],[25.62568,60.15434],[25.62635,60.15493],[25.62551,60.15582],[25.62671,60.15655]],[[25.62452,60.15242],[25.6247,60.15239],[25.62461,60.15258],[25.62452,60.15242]],[[25.62448,60.1522],[25.62434,60.15212],[25.62452,60.15215],[25.62448,60.1522]],[[25.62154,60.14292],[25.62191,60.14215],[25.62274,60.1423],[25.62237,60.14292],[25.62154,60.14292]],[[25.61972,60.14113],[25.61594,60.14132],[25.61992,60.14066],[25.61972,60.14113]],[[25.61579,60.16681],[25.61717,60.16653],[25.61899,60.16657],[25.61786,60.16775],[25.61599,60.16778],[25.61579,60.16681]],[[25.61431,60.16596],[25.61441,60.16582],[25.61445,60.16594],[25.61431,60.16596]],[[25.61238,60.13659],[25.61278,60.13675],[25.61235,60.13675],[25.61238,60.13659]],[[25.61035,60.16401],[25.61,60.16393],[25.61041,60.16381],[25.61035,60.16401]],[[25.60847,60.16579],[25.60957,60.16552],[25.61006,60.16562],[25.60947,60.16579],[25.60847,60.16579]],[[25.60876,60.1665],[25.60848,60.1665],[25.60798,60.16647],[25.60876,60.1665]],[[25.60742,60.16256],[25.60774,60.16257],[25.60735,60.16259],[25.60742,60.16256]],[[25.60637,60.15717],[25.607,60.15709],[25.60714,60.15726],[25.60702,60.15741],[25.60637,60.15717]],[[25.60606,60.16208],[25.60604,60.16222],[25.60548,60.16227],[25.60606,60.16208]],[[25.60541,60.16516],[25.60506,60.16535],[25.60503,60.16532],[25.60541,60.16516]],[[25.60315,60.14264],[25.6023,60.14195],[25.60199,60.14127],[25.60357,60.14204],[25.60315,60.14264]],[[25.60144,60.14126],[25.601,60.14165],[25.60069,60.14128],[25.60144,60.14126]],[[25.5978,60.13729],[25.59768,60.13595],[25.5988,60.13536],[25.60057,60.13746],[25.60007,60.13825],[25.5978,60.13729]],[[25.60055,60.14484],[25.60017,60.14494],[25.59986,60.14487],[25.60055,60.14484]],[[25.59973,60.13479],[25.59986,60.13485],[25.59967,60.13487],[25.59973,60.13479]],[[25.57071,60.17823],[25.57008,60.17724],[25.57137,60.17692],[25.57071,60.17823]],[[25.47803,60.14859],[25.48108,60.14876],[25.48177,60.14909],[25.47803,60.14859]],[[25.45508,60.13672],[25.45448,60.137],[25.45434,60.13691],[25.45508,60.13672]],[[25.45465,60.12993],[25.4542,60.12955],[25.45505,60.12981],[25.45465,60.12993]],[[25.45503,60.12876],[25.45449,60.12865],[25.45497,60.12849],[25.45503,60.12876]],[[25.45467,60.12951],[25.45463,60.12935],[25.45476,60.12945],[25.45467,60.12951]],[[25.45449,60.12995],[25.45412,60.13009],[25.45402,60.13002],[25.45449,60.12995]],[[25.45434,60.13642],[25.45364,60.13654],[25.45328,60.13648],[25.45434,60.13642]],[[25.45383,60.13694],[25.45378,60.13673],[25.45405,60.13686],[25.45383,60.13694]],[[25.45335,60.13655],[25.45302,60.13671],[25.4529,60.13666],[25.45335,60.13655]],[[25.4533,60.1369],[25.45224,60.13706],[25.45193,60.13696],[25.4533,60.1369]],[[25.45323,60.1282],[25.45302,60.12835],[25.45297,60.1283],[25.45323,60.1282]],[[25.4388,60.13347],[25.44425,60.13307],[25.44618,60.13333],[25.4417,60.1347],[25.4388,60.13347]],[[25.44312,60.12566],[25.44301,60.12574],[25.44296,60.1257],[25.44312,60.12566]],[[25.44262,60.12565],[25.4421,60.12567],[25.44196,60.12557],[25.44262,60.12565]],[[25.43882,60.14595],[25.43854,60.14565],[25.43923,60.14559],[25.43882,60.14595]],[[25.43102,60.13561],[25.43666,60.13579],[25.43802,60.13678],[25.43424,60.13719],[25.43102,60.13561]],[[25.43406,60.1213],[25.4338,60.12126],[25.43406,60.12125],[25.43406,60.1213]],[[25.43297,60.12119],[25.43251,60.12124],[25.43321,60.12096],[25.43297,60.12119]],[[25.43176,60.144],[25.43289,60.14414],[25.43133,60.14407],[25.43176,60.144]],[[25.43175,60.12314],[25.43068,60.12339],[25.43092,60.12313],[25.43175,60.12314]],[[25.42761,60.10555],[25.42506,60.1068],[25.42298,60.10672],[25.42761,60.10555]],[[25.42585,60.11773],[25.42591,60.11766],[25.426,60.11769],[25.42585,60.11773]],[[25.42509,60.10538],[25.42483,60.10507],[25.42552,60.10508],[25.42509,60.10538]],[[25.42506,60.12731],[25.42551,60.12738],[25.425,60.12739],[25.42506,60.12731]],[[25.42464,60.10517],[25.42446,60.10531],[25.42436,60.10527],[25.42464,60.10517]],[[25.41993,60.10712],[25.41625,60.10695],[25.4206,60.1053],[25.42227,60.10636],[25.41993,60.10712]],[[25.42024,60.11805],[25.42009,60.11803],[25.42027,60.11798],[25.42024,60.11805]],[[25.41954,60.10735],[25.4199,60.10714],[25.42001,60.10716],[25.41954,60.10735]],[[25.41946,60.11744],[25.41933,60.11713],[25.4195,60.11714],[25.41946,60.11744]],[[25.41937,60.11759],[25.41885,60.11808],[25.41879,60.11782],[25.41937,60.11759]],[[25.41678,60.12021],[25.41663,60.12029],[25.41659,60.12022],[25.41678,60.12021]],[[25.41288,60.12127],[25.41551,60.12169],[25.41192,60.12196],[25.41288,60.12127]],[[25.40868,60.11868],[25.41484,60.11947],[25.41327,60.12001],[25.41394,60.12072],[25.41332,60.12081],[25.40868,60.11868]],[[25.41282,60.12228],[25.41307,60.12214],[25.41317,60.12221],[25.41282,60.12228]],[[25.40674,60.12445],[25.40865,60.12351],[25.41243,60.12561],[25.41086,60.12592],[25.41119,60.1268],[25.40899,60.12662],[25.406,60.12694],[25.40819,60.12576],[25.40674,60.12445]],[[25.41207,60.10896],[25.4102,60.10978],[25.40754,60.10907],[25.41006,60.10832],[25.41207,60.10896]],[[25.41148,60.11828],[25.41189,60.11856],[25.41092,60.11867],[25.41148,60.11828]],[[25.41154,60.11877],[25.41155,60.11862],[25.41169,60.11868],[25.41154,60.11877]],[[25.41132,60.11781],[25.41108,60.11787],[25.41103,60.11784],[25.41132,60.11781]],[[25.41049,60.11874],[25.41026,60.11885],[25.41016,60.1187],[25.41049,60.11874]],[[25.4103,60.10747],[25.40924,60.10798],[25.4089,60.10792],[25.4094,60.10724],[25.4103,60.10747]],[[25.40901,60.10803],[25.40896,60.10815],[25.40889,60.10809],[25.40901,60.10803]],[[25.40849,60.12683],[25.40876,60.12695],[25.40838,60.12693],[25.40849,60.12683]],[[25.40834,60.11908],[25.40821,60.11918],[25.40817,60.11913],[25.40834,60.11908]],[[25.40828,60.12683],[25.408,60.12693],[25.40793,60.12689],[25.40828,60.12683]],[[25.40764,60.10848],[25.40517,60.10913],[25.40454,60.10814],[25.40374,60.10938],[25.40289,60.10848],[25.4063,60.10703],[25.40651,60.10781],[25.4078,60.10766],[25.40764,60.10848]],[[25.40736,60.10743],[25.40783,60.10764],[25.40727,60.10748],[25.40736,60.10743]],[[25.40348,60.12342],[25.40482,60.12282],[25.4064,60.12427],[25.40348,60.12342]],[[25.40366,60.10769],[25.40459,60.10771],[25.40293,60.10816],[25.40366,60.10769]],[[25.40321,60.12303],[25.40295,60.12317],[25.40288,60.1231],[25.40321,60.12303]],[[25.40249,60.10878],[25.40248,60.10919],[25.4023,60.10921],[25.40249,60.10878]],[[25.39914,60.12002],[25.39984,60.12045],[25.39849,60.12015],[25.39914,60.12002]],[[25.39851,60.10849],[25.39935,60.10735],[25.39977,60.10791],[25.39851,60.10849]],[[25.39776,60.12223],[25.39902,60.12174],[25.39939,60.12215],[25.39776,60.12223]],[[25.3989,60.11815],[25.39812,60.11849],[25.39889,60.11808],[25.3989,60.11815]],[[25.39785,60.10943],[25.39816,60.10896],[25.39842,60.10903],[25.39785,60.10943]],[[25.39739,60.10812],[25.39696,60.10878],[25.39663,60.10809],[25.39739,60.10812]],[[25.39683,60.11726],[25.39653,60.11716],[25.39654,60.1171],[25.39683,60.11726]],[[25.39673,60.1075],[25.39646,60.10753],[25.39627,60.10748],[25.39673,60.1075]],[[25.39666,60.10886],[25.39445,60.10865],[25.39534,60.10809],[25.39666,60.10886]],[[25.39642,60.10815],[25.39641,60.10798],[25.39656,60.108],[25.39642,60.10815]],[[25.3964,60.10775],[25.39644,60.10792],[25.39632,60.1079],[25.3964,60.10775]],[[25.39649,60.1175],[25.39594,60.11725],[25.39608,60.11705],[25.39649,60.1175]],[[25.39561,60.11668],[25.39557,60.11702],[25.39543,60.11678],[25.39561,60.11668]],[[25.3955,60.11556],[25.39441,60.11644],[25.39341,60.11566],[25.3955,60.11556]],[[25.39482,60.1167],[25.39486,60.11695],[25.39469,60.11682],[25.39482,60.1167]],[[25.39489,60.11657],[25.39469,60.11656],[25.39469,60.11653],[25.39489,60.11657]],[[25.39395,60.11218],[25.39333,60.11214],[25.39374,60.11189],[25.39395,60.11218]],[[25.3928,60.11655],[25.39375,60.11665],[25.39371,60.11763],[25.39098,60.11698],[25.39124,60.11616],[25.3928,60.11655]],[[25.39347,60.11137],[25.39275,60.11177],[25.39249,60.11146],[25.39347,60.11137]],[[25.3929,60.11635],[25.39315,60.11645],[25.39274,60.11642],[25.3929,60.11635]],[[25.39114,60.11888],[25.39067,60.11921],[25.39047,60.11906],[25.39114,60.11888]],[[25.39029,60.1159],[25.3905,60.11655],[25.38953,60.11607],[25.39029,60.1159]],[[25.39019,60.11576],[25.38953,60.11593],[25.38931,60.11585],[25.39019,60.11576]],[[25.38954,60.11643],[25.3894,60.11628],[25.3896,60.11636],[25.38954,60.11643]],[[25.38566,60.12668],[25.38467,60.12523],[25.38874,60.12524],[25.38726,60.12716],[25.37966,60.12799],[25.38566,60.12668]],[[25.38679,60.11592],[25.38784,60.11624],[25.38856,60.11741],[25.38691,60.11788],[25.38752,60.11715],[25.38635,60.11698],[25.38679,60.11592]],[[25.3883,60.12165],[25.38762,60.12267],[25.38478,60.12264],[25.38588,60.1215],[25.3883,60.12165]],[[25.38643,60.11605],[25.38649,60.11627],[25.38639,60.11613],[25.38643,60.11605]],[[25.38618,60.11766],[25.38436,60.11799],[25.38406,60.11681],[25.38618,60.11766]],[[25.38601,60.11548],[25.38592,60.11569],[25.38578,60.11565],[25.38601,60.11548]],[[25.38531,60.12111],[25.38515,60.12077],[25.3856,60.12107],[25.38531,60.12111]],[[25.38488,60.12023],[25.38496,60.12042],[25.38478,60.12031],[25.38488,60.12023]],[[25.38442,60.12023],[25.38435,60.12049],[25.38419,60.12046],[25.38442,60.12023]],[[25.38281,60.12135],[25.38446,60.12231],[25.38065,60.12263],[25.38134,60.12178],[25.38281,60.12135]],[[25.38413,60.11642],[25.38432,60.11668],[25.38402,60.11646],[25.38413,60.11642]],[[25.38287,60.11469],[25.38375,60.11605],[25.38149,60.11542],[25.38287,60.11469]],[[25.3841,60.11752],[25.38401,60.11741],[25.38416,60.11747],[25.3841,60.11752]],[[25.38336,60.11786],[25.38176,60.1173],[25.38395,60.11641],[25.38336,60.11786]],[[25.38385,60.11979],[25.38368,60.12005],[25.38359,60.11992],[25.38385,60.11979]],[[25.3837,60.12039],[25.38358,60.12048],[25.38352,60.12043],[25.3837,60.12039]],[[25.38357,60.1202],[25.38349,60.12037],[25.38343,60.12026],[25.38357,60.1202]],[[25.38336,60.12085],[25.38347,60.12069],[25.38352,60.12077],[25.38336,60.12085]],[[25.38348,60.12043],[25.38336,60.12053],[25.38329,60.12046],[25.38348,60.12043]],[[25.38316,60.12093],[25.38318,60.12102],[25.38307,60.12098],[25.38316,60.12093]],[[25.38272,60.12038],[25.38261,60.12099],[25.38209,60.12057],[25.38272,60.12038]],[[25.38294,60.12098],[25.38281,60.12108],[25.38274,60.12103],[25.38294,60.12098]],[[25.38222,60.11676],[25.38241,60.1165],[25.38248,60.11654],[25.38222,60.11676]],[[25.36642,60.10581],[25.36455,60.10549],[25.36487,60.1048],[25.36673,60.10455],[25.36642,60.10581]],[[25.36574,60.10598],[25.3661,60.10588],[25.36612,60.1059],[25.36574,60.10598]],[[25.36435,60.10568],[25.36424,60.10552],[25.36443,60.10552],[25.36435,60.10568]],[[25.36394,60.10512],[25.3637,60.10512],[25.36395,60.10509],[25.36394,60.10512]],[[25.32593,59.60239],[25.32447,59.60431],[25.32383,59.60202],[25.32278,59.60197],[25.32526,59.59906],[25.32686,59.60111],[25.32888,59.60176],[25.32593,59.60239]],[[25.32723,59.60758],[25.32701,59.60766],[25.32694,59.60751],[25.32723,59.60758]],[[25.32415,59.60996],[25.32541,59.60643],[25.32654,59.60527],[25.32658,59.60704],[25.32415,59.60996]],[[25.32209,59.62171],[25.31857,59.6218],[25.31977,59.62036],[25.31855,59.61998],[25.31997,59.6189],[25.3206,59.62089],[25.32209,59.62171]],[[25.31105,60.1454],[25.31009,60.14611],[25.30902,60.14558],[25.30991,60.14487],[25.31105,60.1454]],[[25.28107,60.14078],[25.28106,60.14088],[25.28093,60.14085],[25.28107,60.14078]],[[25.27871,60.13751],[25.27891,60.13757],[25.27867,60.13759],[25.27871,60.13751]],[[25.27431,59.5439],[25.27891,59.54442],[25.27675,59.54489],[25.27532,59.54665],[25.27599,59.54725],[25.27407,59.547],[25.27356,59.54794],[25.27208,59.5472],[25.25771,59.54783],[25.2679,59.54457],[25.27014,59.5407],[25.27218,59.5402],[25.27606,59.53678],[25.27234,59.54177],[25.27431,59.5439]],[[25.27845,60.13761],[25.27854,60.13765],[25.27845,60.13765],[25.27845,60.13761]],[[25.27835,60.13808],[25.27826,60.13815],[25.2782,60.13808],[25.27835,60.13808]],[[25.25309,60.12412],[25.25341,60.12429],[25.25302,60.12428],[25.25309,60.12412]],[[25.24896,60.14695],[25.24903,60.14688],[25.24903,60.14695],[25.24896,60.14695]],[[25.24843,60.14216],[25.24842,60.14229],[25.24832,60.14221],[25.24843,60.14216]],[[25.2449,59.57212],[25.2448,59.57235],[25.24442,59.57201],[25.2449,59.57212]],[[25.19871,59.58224],[25.20431,59.57737],[25.20673,59.57382],[25.21273,59.57215],[25.21527,59.56964],[25.22127,59.57126],[25.22629,59.57122],[25.23014,59.56989],[25.24113,59.5633],[25.24396,59.5626],[25.24152,59.56491],[25.24205,59.56536],[25.24057,59.56511],[25.23679,59.56701],[25.23648,59.56866],[25.23496,59.56917],[25.23282,59.57238],[25.23474,59.57329],[25.2348,59.5743],[25.23346,59.57448],[25.23429,59.57515],[25.23051,59.57538],[25.22949,59.57726],[25.22777,59.57756],[25.2275,59.57984],[25.22688,59.57872],[25.22159,59.57763],[25.22127,59.57665],[25.2179,59.57472],[25.2149,59.57674],[25.21454,59.57835],[25.21382,59.57658],[25.21248,59.57682],[25.21374,59.57599],[25.21469,59.57645],[25.21538,59.57575],[25.21515,59.57516],[25.21208,59.57479],[25.21259,59.57604],[25.20437,59.5779],[25.19871,59.58224]],[[25.24384,59.57218],[25.24356,59.57228],[25.24355,59.57196],[25.24384,59.57218]],[[25.24327,60.14225],[25.24334,60.14238],[25.24317,60.14227],[25.24327,60.14225]],[[25.24331,59.57167],[25.24102,59.57107],[25.24148,59.57075],[25.24121,59.57061],[25.24098,59.57055],[25.24167,59.56993],[25.24331,59.57167]],[[25.24133,59.5708],[25.24087,59.57082],[25.24137,59.5707],[25.24133,59.5708]],[[25.24001,59.57391],[25.23958,59.57416],[25.23962,59.57361],[25.24001,59.57391]],[[25.2372,60.11882],[25.23731,60.11877],[25.23732,60.1188],[25.2372,60.11882]],[[25.23684,60.11869],[25.23692,60.1188],[25.23667,60.11874],[25.23684,60.11869]],[[25.23605,60.1194],[25.236,60.11904],[25.23664,60.11923],[25.23605,60.1194]],[[25.23652,59.57462],[25.23638,59.57481],[25.23621,59.5747],[25.23652,59.57462]],[[25.23616,59.57665],[25.23565,59.57632],[25.23627,59.57627],[25.23616,59.57665]],[[25.23504,59.57639],[25.23465,59.57563],[25.23622,59.57539],[25.23556,59.57554],[25.23504,59.57639]],[[25.2295,59.57789],[25.22922,59.5781],[25.22905,59.57794],[25.2295,59.57789]],[[25.22609,60.13284],[25.22609,60.13281],[25.22612,60.13282],[25.22609,60.13284]],[[25.22498,59.57893],[25.22457,59.5787],[25.22526,59.57878],[25.22498,59.57893]],[[25.22481,59.57918],[25.22439,59.57937],[25.22425,59.57917],[25.22481,59.57918]],[[25.22224,59.57886],[25.22191,59.57879],[25.2219,59.57843],[25.22224,59.57886]],[[25.22064,60.12623],[25.21949,60.12636],[25.21905,60.12608],[25.21974,60.12574],[25.22064,60.12623]],[[25.22065,59.57664],[25.22016,59.57658],[25.2207,59.57662],[25.22065,59.57664]],[[25.22051,60.12144],[25.22013,60.12139],[25.22068,60.12128],[25.22051,60.12144]],[[25.21983,60.13133],[25.21948,60.13155],[25.21927,60.13143],[25.21983,60.13133]],[[25.21946,60.12128],[25.21916,60.12125],[25.21967,60.12133],[25.21946,60.12128]],[[25.21953,60.12026],[25.21956,60.12014],[25.21963,60.12017],[25.21953,60.12026]],[[25.21933,60.12148],[25.21942,60.12145],[25.21944,60.12147],[25.21933,60.12148]],[[25.21927,60.12135],[25.21938,60.12138],[25.21924,60.12142],[25.21927,60.12135]],[[25.21926,60.11962],[25.21325,60.11932],[25.21523,60.11791],[25.21871,60.1186],[25.21823,60.11907],[25.21926,60.11962]],[[25.21911,60.12164],[25.21892,60.12152],[25.21914,60.12157],[25.21911,60.12164]],[[25.21873,60.12027],[25.21887,60.12015],[25.21901,60.12024],[25.21873,60.12027]],[[25.21876,60.12141],[25.21875,60.12148],[25.21869,60.1214],[25.21876,60.12141]],[[25.21875,59.57573],[25.21846,59.57584],[25.21838,59.57577],[25.21875,59.57573]],[[25.21852,60.12231],[25.21854,60.12224],[25.21861,60.12229],[25.21852,60.12231]],[[25.21843,60.1255],[25.21801,60.12587],[25.21784,60.12571],[25.21843,60.1255]],[[25.21842,60.12193],[25.2185,60.12189],[25.21851,60.12191],[25.21842,60.12193]],[[25.21847,60.12185],[25.2185,60.12187],[25.21842,60.12185],[25.21847,60.12185]],[[25.21846,60.12029],[25.21849,60.12027],[25.21849,60.12029],[25.21846,60.12029]],[[25.218,60.12244],[25.21784,60.12237],[25.21817,60.12241],[25.218,60.12244]],[[25.21808,60.11804],[25.21815,60.11804],[25.2181,60.11806],[25.21808,60.11804]],[[25.21805,60.11793],[25.21806,60.11795],[25.21801,60.11794],[25.21805,60.11793]],[[25.218,60.11808],[25.21797,60.11811],[25.21793,60.11809],[25.218,60.11808]],[[25.21669,60.11798],[25.21668,60.11809],[25.21657,60.11802],[25.21669,60.11798]],[[25.21614,60.12991],[25.21553,60.12959],[25.21651,60.12967],[25.21614,60.12991]],[[25.21596,59.57939],[25.21586,59.57886],[25.21624,59.57919],[25.21596,59.57939]],[[25.2156,60.1247],[25.21571,60.12471],[25.21558,60.12472],[25.2156,60.1247]],[[25.21553,60.12492],[25.21562,60.12489],[25.21564,60.12495],[25.21553,60.12492]],[[25.21524,60.12501],[25.21528,60.12498],[25.21529,60.12501],[25.21524,60.12501]],[[25.21519,60.12471],[25.21524,60.12475],[25.21516,60.12474],[25.21519,60.12471]],[[25.21521,60.12765],[25.2152,60.12771],[25.21511,60.12766],[25.21521,60.12765]],[[25.21516,60.12465],[25.21522,60.12465],[25.21515,60.12468],[25.21516,60.12465]],[[25.21522,59.57555],[25.21484,59.57549],[25.21483,59.57538],[25.21522,59.57555]],[[25.21504,60.12457],[25.21519,60.12457],[25.2151,60.12465],[25.21504,60.12457]],[[25.21506,60.12903],[25.21498,60.12901],[25.21517,60.12898],[25.21506,60.12903]],[[25.21404,59.57563],[25.21391,59.57556],[25.2146,59.5755],[25.21404,59.57563]],[[25.2144,60.12441],[25.21446,60.12441],[25.21442,60.12444],[25.2144,60.12441]],[[25.21409,60.12731],[25.21416,60.12726],[25.21416,60.12729],[25.21409,60.12731]],[[25.214,60.12606],[25.21394,60.12621],[25.2137,60.12607],[25.214,60.12606]],[[25.21339,59.57527],[25.21325,59.57514],[25.21341,59.57523],[25.21339,59.57527]],[[25.21303,60.12786],[25.21277,60.12804],[25.21275,60.12794],[25.21303,60.12786]],[[25.21105,60.12427],[25.21105,60.12431],[25.21102,60.12429],[25.21105,60.12427]],[[25.21065,60.12432],[25.2108,60.12439],[25.21066,60.12445],[25.21065,60.12432]],[[25.2093,60.12438],[25.20937,60.1244],[25.20928,60.12443],[25.2093,60.12438]],[[25.19656,60.10128],[25.19355,60.10187],[25.19322,60.10098],[25.19415,60.10003],[25.19561,60.10028],[25.19656,60.10128]],[[25.17398,60.11075],[25.17414,60.11054],[25.17432,60.11063],[25.17398,60.11075]],[[25.17398,60.11089],[25.17371,60.11103],[25.17366,60.11099],[25.17398,60.11089]],[[25.17386,60.11046],[25.17301,60.11031],[25.17391,60.11007],[25.17386,60.11046]],[[25.15299,60.11278],[25.153,60.11251],[25.15333,60.11257],[25.15299,60.11278]],[[25.14243,60.11358],[25.14253,60.1136],[25.14243,60.11363],[25.14243,60.11358]],[[25.13477,60.12534],[25.13583,60.1255],[25.13495,60.12576],[25.13477,60.12534]],[[25.13177,60.09227],[25.12809,60.09133],[25.13437,60.09112],[25.13177,60.09227]],[[25.1292,60.09522],[25.12929,60.09524],[25.12915,60.09528],[25.1292,60.09522]],[[25.12655,60.09091],[25.12646,60.0906],[25.12689,60.09066],[25.12655,60.09091]],[[25.08037,59.6097],[25.08289,59.60033],[25.10224,59.59248],[25.10264,59.59454],[25.09066,59.60137],[25.08921,59.60344],[25.08515,59.60555],[25.08037,59.6097]],[[25.07943,60.11048],[25.0797,60.11005],[25.07992,60.11045],[25.07943,60.11048]],[[25.07907,60.1097],[25.07883,60.11053],[25.07981,60.11103],[25.07897,60.11148],[25.07776,60.11029],[25.07907,60.1097]],[[25.07601,60.11072],[25.07598,60.10973],[25.07696,60.10976],[25.07601,60.11072]],[[25.07646,60.1095],[25.07679,60.10939],[25.07691,60.10948],[25.07646,60.1095]],[[25.04747,60.0958],[25.05457,60.09946],[25.05981,60.10089],[25.06257,60.1003],[25.06462,60.10169],[25.06306,60.10209],[25.06574,60.10231],[25.06528,60.10286],[25.06877,60.10387],[25.07482,60.10779],[25.06699,60.10409],[25.06648,60.10466],[25.06756,60.10477],[25.06593,60.10513],[25.06093,60.10444],[25.06275,60.10581],[25.06264,60.10599],[25.05834,60.10447],[25.05306,60.10528],[25.04741,60.10444],[25.04322,60.10501],[25.04123,60.10185],[25.04204,60.09863],[25.04372,60.09508],[25.04747,60.0958]],[[25.07443,60.10998],[25.07433,60.11012],[25.07413,60.1102],[25.07443,60.10998]],[[25.07228,60.11029],[25.0723,60.10951],[25.07378,60.10967],[25.07309,60.11011],[25.07228,60.11029]],[[25.06715,60.10531],[25.06664,60.10535],[25.06656,60.10526],[25.06715,60.10531]],[[25.04083,60.09278],[25.04271,60.09303],[25.04193,60.09355],[25.04083,60.09278]],[[24.97056,59.64189],[24.96479,59.64154],[24.96528,59.64013],[24.9689,59.63898],[24.97151,59.63914],[24.9736,59.6412],[24.97611,59.641],[24.97654,59.64009],[24.98096,59.64029],[24.98166,59.63861],[24.98063,59.6382],[24.98248,59.63763],[24.9828,59.63523],[24.98403,59.63444],[24.9832,59.63659],[24.98626,59.63707],[24.98884,59.63547],[24.99062,59.63554],[24.99205,59.63354],[24.99124,59.63349],[24.99085,59.63188],[24.99341,59.63186],[24.99326,59.63082],[24.9968,59.631],[24.99725,59.63004],[24.99981,59.62961],[24.99917,59.62925],[25.00018,59.62666],[24.99876,59.62525],[24.99423,59.62692],[24.99222,59.62918],[24.98797,59.62962],[24.98813,59.6285],[24.98605,59.62841],[24.98765,59.62759],[24.98581,59.62809],[24.98734,59.62725],[24.98767,59.62588],[24.99236,59.62668],[24.99233,59.62595],[24.99432,59.6256],[24.99452,59.6244],[24.99656,59.62384],[24.99555,59.62343],[24.9982,59.62332],[24.99934,59.62236],[24.99719,59.62199],[24.99259,59.62426],[24.98787,59.62364],[24.98721,59.62336],[24.98808,59.62257],[24.99185,59.6216],[24.99198,59.62081],[24.99042,59.62004],[24.98797,59.62091],[24.98782,59.61981],[24.98584,59.61897],[24.98203,59.61865],[24.98294,59.61839],[24.98241,59.61759],[24.9778,59.61745],[24.98088,59.61451],[24.97973,59.61454],[24.98089,59.61189],[24.98375,59.6105],[24.98381,59.60924],[24.98551,59.60931],[24.98446,59.60836],[24.9865,59.60803],[24.98493,59.61016],[24.98713,59.61374],[24.99139,59.6131],[24.99114,59.6143],[24.99215,59.61511],[24.99675,59.61471],[24.99834,59.61586],[24.99888,59.61766],[25.00308,59.61831],[25.00771,59.61623],[25.01412,59.61527],[25.01465,59.61493],[25.0143,59.61437],[25.01454,59.61409],[25.01569,59.61468],[25.01505,59.61398],[25.01788,59.61484],[25.02764,59.61301],[25.03205,59.60997],[25.0323,59.60847],[25.04098,59.61204],[25.0414,59.61546],[25.03683,59.61889],[25.036,59.62064],[25.03658,59.62148],[25.03162,59.62309],[25.01954,59.63091],[25.01868,59.63216],[25.0198,59.6345],[25.01717,59.63342],[25.01126,59.63486],[25.01208,59.63731],[25.01389,59.6381],[25.01149,59.6378],[25.0119,59.63883],[25.01045,59.63836],[25.01015,59.63914],[25.00376,59.63818],[24.99859,59.64075],[24.99359,59.64033],[24.99196,59.64088],[24.99081,59.64346],[24.98779,59.6442],[24.98863,59.64329],[24.98794,59.64283],[24.98205,59.64223],[24.97572,59.64579],[24.97563,59.64713],[24.97471,59.64664],[24.97399,59.64734],[24.97091,59.64576],[24.96764,59.6464],[24.96692,59.6451],[24.97064,59.64318],[24.97056,59.64189]],[[25.03739,60.10362],[25.03786,60.10373],[25.0373,60.10375],[25.03739,60.10362]],[[25.03498,60.11024],[25.03351,60.10935],[25.03355,60.10902],[25.03466,60.10931],[25.03498,60.11024]],[[25.0347,60.1028],[25.03315,60.10278],[25.03261,60.10227],[25.0347,60.1028]],[[25.03255,60.10246],[25.03236,60.10224],[25.03261,60.10245],[25.03255,60.10246]],[[25.0315,60.10231],[25.03147,60.10193],[25.03174,60.10229],[25.0315,60.10231]],[[25.0226,60.07774],[25.0222,60.07672],[25.02045,60.07545],[25.02326,60.07567],[25.02313,60.07667],[25.02482,60.078],[25.0226,60.07774]],[[25.01805,59.70018],[25.01903,59.69928],[25.0244,59.6979],[25.02386,59.69909],[25.01805,59.70018]],[[25.02361,60.0768],[25.02351,60.07676],[25.02369,60.07677],[25.02361,60.0768]],[[25.02241,60.1],[25.02302,60.10002],[25.02267,60.10024],[25.02241,60.1]],[[25.02295,60.10027],[25.02292,60.10024],[25.02297,60.10025],[25.02295,60.10027]],[[25.02238,60.10031],[25.02258,60.1004],[25.0224,60.10071],[25.02238,60.10031]],[[25.02005,60.10177],[25.02111,60.10181],[25.02121,60.10197],[25.02005,60.10177]],[[25.01772,60.10518],[25.01373,60.10484],[25.01279,60.10334],[25.01374,60.10186],[25.01345,60.09855],[25.01743,60.09924],[25.01859,60.1036],[25.01619,60.1042],[25.02016,60.10558],[25.01965,60.10662],[25.01827,60.10665],[25.01634,60.10552],[25.01772,60.10518]],[[25.01115,60.07678],[25.01107,60.07644],[25.01136,60.07648],[25.01115,60.07678]],[[24.93587,60.09112],[24.93375,60.09057],[24.93636,60.09054],[24.93587,60.09112]],[[24.89206,60.03591],[24.89195,60.03562],[24.89213,60.03585],[24.89206,60.03591]],[[24.89035,60.0364],[24.89137,60.03589],[24.89165,60.03613],[24.89035,60.0364]],[[24.89005,60.03606],[24.8897,60.03671],[24.88922,60.0364],[24.89005,60.03606]],[[24.86872,60.03209],[24.86914,60.03174],[24.86931,60.0319],[24.86872,60.03209]],[[24.86792,60.03184],[24.86733,60.03155],[24.86829,60.03165],[24.86792,60.03184]],[[24.85205,60.03074],[24.85206,60.03016],[24.85246,60.0306],[24.85205,60.03074]],[[24.83783,60.06298],[24.83758,60.06357],[24.83735,60.06347],[24.83783,60.06298]],[[24.83615,60.0634],[24.83528,60.06342],[24.83635,60.06316],[24.83615,60.0634]],[[24.83582,60.06323],[24.83579,60.06291],[24.83605,60.06304],[24.83582,60.06323]],[[24.73363,59.59659],[24.73393,59.59573],[24.73496,59.59534],[24.73443,59.59618],[24.73363,59.59659]],[[24.73454,60.00903],[24.73306,60.00889],[24.73465,60.0088],[24.73454,60.00903]],[[24.73427,60.00926],[24.73402,60.0092],[24.73434,60.0092],[24.73427,60.00926]],[[24.73006,59.6008],[24.72925,59.60049],[24.73085,59.60009],[24.73006,59.6008]],[[24.72742,60.00764],[24.7272,60.00758],[24.72745,60.00752],[24.72742,60.00764]],[[24.72344,60.01506],[24.72277,60.01469],[24.72351,60.01454],[24.72344,60.01506]],[[24.47476,59.57072],[24.47669,59.56995],[24.47513,59.56902],[24.48162,59.56661],[24.48325,59.56508],[24.48312,59.56357],[24.48487,59.56239],[24.48582,59.56007],[24.48713,59.55619],[24.4866,59.5555],[24.49231,59.55349],[24.49412,59.55049],[24.49833,59.55074],[24.5007,59.54797],[24.50443,59.54575],[24.51639,59.54238],[24.52029,59.53941],[24.52513,59.53944],[24.53074,59.53688],[24.5342,59.53821],[24.53784,59.53656],[24.53838,59.53716],[24.54248,59.53628],[24.54364,59.53662],[24.5425,59.53752],[24.54427,59.53821],[24.54982,59.53723],[24.55103,59.53842],[24.55932,59.53883],[24.56431,59.54065],[24.55722,59.54504],[24.55198,59.54966],[24.55031,59.55675],[24.55208,59.55805],[24.55344,59.55757],[24.55391,59.55604],[24.55372,59.55768],[24.5483,59.56162],[24.54265,59.57157],[24.53616,59.57736],[24.53546,59.58072],[24.53607,59.58168],[24.53396,59.58481],[24.53074,59.58754],[24.525,59.58971],[24.52088,59.59377],[24.51736,59.6021],[24.5151,59.60357],[24.51524,59.60553],[24.50944,59.6065],[24.51053,59.60578],[24.50842,59.60542],[24.50805,59.60323],[24.50548,59.60049],[24.50487,59.59743],[24.498,59.59436],[24.49871,59.59201],[24.49624,59.58903],[24.49512,59.58588],[24.48577,59.57943],[24.48855,59.57793],[24.48798,59.57632],[24.48407,59.5736],[24.48115,59.57323],[24.47957,59.57149],[24.47476,59.57072]],[[24.44599,59.91125],[24.44585,59.91151],[24.44583,59.91123],[24.44599,59.91125]],[[24.37227,59.90364],[24.37205,59.90368],[24.37202,59.90365],[24.37227,59.90364]],[[24.37179,59.90363],[24.3703,59.90431],[24.36915,59.90354],[24.37179,59.90363]],[[24.37099,59.90295],[24.37067,59.90335],[24.37024,59.9033],[24.37099,59.90295]],[[24.36946,59.91238],[24.36964,59.91244],[24.36941,59.91241],[24.36946,59.91238]],[[24.36934,59.91232],[24.36557,59.91174],[24.36477,59.91126],[24.3684,59.91128],[24.36934,59.91232]],[[24.35975,59.90866],[24.35868,59.90928],[24.35706,59.90948],[24.35975,59.90866]],[[24.35618,59.90603],[24.35668,59.90619],[24.35608,59.90614],[24.35618,59.90603]],[[24.35535,59.90611],[24.35538,59.90617],[24.35531,59.90613],[24.35535,59.90611]],[[24.34942,59.9067],[24.34779,59.90671],[24.35017,59.90655],[24.34942,59.9067]],[[24.34976,59.90622],[24.34838,59.90625],[24.34984,59.90617],[24.34976,59.90622]],[[24.33438,59.90886],[24.33485,59.90895],[24.33432,59.90891],[24.33438,59.90886]],[[24.32297,59.89956],[24.32298,59.89944],[24.32313,59.89952],[24.32297,59.89956]],[[24.32172,59.89764],[24.32176,59.89751],[24.3219,59.8976],[24.32172,59.89764]],[[24.32129,59.89733],[24.32128,59.89721],[24.32142,59.89728],[24.32129,59.89733]],[[24.31183,59.90473],[24.31141,59.90481],[24.31123,59.90472],[24.31183,59.90473]],[[24.30711,59.87003],[24.30808,59.86952],[24.30847,59.86968],[24.30711,59.87003]],[[24.30751,59.87073],[24.30718,59.87062],[24.30759,59.87066],[24.30751,59.87073]],[[24.3065,59.87029],[24.30633,59.8701],[24.30666,59.87022],[24.3065,59.87029]],[[24.30451,59.86986],[24.30428,59.86967],[24.3046,59.86972],[24.30451,59.86986]],[[24.30269,59.86952],[24.30334,59.86859],[24.30386,59.86936],[24.30269,59.86952]],[[24.30338,59.87004],[24.30314,59.8699],[24.30344,59.86994],[24.30338,59.87004]],[[24.30233,59.86944],[24.30181,59.8691],[24.3023,59.86892],[24.30233,59.86944]],[[23.79507,59.84889],[23.79525,59.84901],[23.79487,59.84902],[23.79507,59.84889]],[[23.79455,59.84797],[23.79455,59.84824],[23.79439,59.84812],[23.79455,59.84797]],[[23.79365,59.84848],[23.79396,59.84845],[23.79364,59.84853],[23.79365,59.84848]],[[23.79314,59.8485],[23.79316,59.84873],[23.793,59.84856],[23.79314,59.8485]],[[23.79333,59.84843],[23.79287,59.84831],[23.79338,59.84829],[23.79333,59.84843]],[[23.77351,59.84196],[23.77232,59.84159],[23.77391,59.84168],[23.77351,59.84196]],[[23.77346,59.84228],[23.77337,59.84205],[23.77358,59.84222],[23.77346,59.84228]],[[23.67703,59.81981],[23.67709,59.81993],[23.6767,59.81992],[23.67703,59.81981]],[[23.67666,59.83134],[23.67655,59.83141],[23.67654,59.83135],[23.67666,59.83134]],[[23.6684,59.82093],[23.66877,59.82091],[23.66843,59.82103],[23.6684,59.82093]],[[23.62161,59.81242],[23.62173,59.81262],[23.62138,59.81267],[23.62161,59.81242]],[[23.62079,59.80792],[23.62115,59.80796],[23.62075,59.80799],[23.62079,59.80792]],[[23.60872,59.79657],[23.60832,59.79688],[23.60816,59.79673],[23.60872,59.79657]],[[23.59457,59.80567],[23.59359,59.80677],[23.59279,59.80649],[23.59457,59.80567]],[[23.59179,59.79044],[23.59178,59.79065],[23.59162,59.79064],[23.59179,59.79044]],[[23.5873,59.795],[23.5905,59.79445],[23.59198,59.79494],[23.59047,59.79503],[23.59014,59.79611],[23.5873,59.795]],[[23.59133,59.79787],[23.59166,59.79756],[23.5918,59.7978],[23.59133,59.79787]],[[23.59151,59.79849],[23.59135,59.79891],[23.59096,59.79871],[23.59151,59.79849]],[[23.59081,59.79072],[23.59095,59.79098],[23.59074,59.79092],[23.59081,59.79072]],[[23.58936,59.81495],[23.58728,59.81514],[23.58688,59.81471],[23.58936,59.81495]],[[23.58829,59.78706],[23.58824,59.78728],[23.58797,59.78724],[23.58829,59.78706]],[[23.58619,59.80308],[23.5869,59.8035],[23.58595,59.8033],[23.58619,59.80308]],[[23.58104,59.80309],[23.58028,59.80127],[23.58164,59.80191],[23.581,59.80104],[23.58179,59.80093],[23.58366,59.8015],[23.58438,59.80236],[23.58358,59.80256],[23.58595,59.80358],[23.5849,59.80454],[23.58104,59.80309]],[[23.58505,59.80256],[23.58568,59.8032],[23.58497,59.80261],[23.58505,59.80256]],[[23.58548,59.80104],[23.58407,59.8017],[23.58307,59.80091],[23.58548,59.80104]],[[23.58496,59.80154],[23.58497,59.80184],[23.58477,59.80169],[23.58496,59.80154]],[[23.5848,59.80093],[23.5847,59.80071],[23.58493,59.80081],[23.5848,59.80093]],[[23.58475,59.8028],[23.58469,59.80291],[23.58462,59.80281],[23.58475,59.8028]],[[23.58325,59.79489],[23.58299,59.79532],[23.58257,59.79522],[23.58325,59.79489]],[[23.58294,59.79457],[23.58273,59.79424],[23.58325,59.79428],[23.58294,59.79457]],[[23.58275,59.80096],[23.58272,59.8011],[23.58252,59.80104],[23.58275,59.80096]],[[23.58253,59.79419],[23.58226,59.79435],[23.58222,59.79426],[23.58253,59.79419]],[[23.58228,59.79468],[23.58195,59.79486],[23.58183,59.79483],[23.58228,59.79468]],[[23.58163,59.7949],[23.58152,59.79507],[23.58133,59.79502],[23.58163,59.7949]],[[23.58116,59.80032],[23.58162,59.80048],[23.58097,59.80038],[23.58116,59.80032]],[[23.57876,59.80091],[23.5781,59.801],[23.58009,59.80192],[23.5784,59.80236],[23.57784,59.80064],[23.57698,59.8006],[23.57832,59.79959],[23.57793,59.80053],[23.57876,59.80091]],[[23.57982,59.80255],[23.57975,59.80202],[23.58009,59.80208],[23.57982,59.80255]],[[23.57963,59.81278],[23.5788,59.81302],[23.57884,59.81256],[23.57963,59.81278]],[[23.5783,59.81083],[23.57752,59.81067],[23.57843,59.81075],[23.5783,59.81083]],[[23.57835,59.80237],[23.57833,59.80255],[23.57815,59.80237],[23.57835,59.80237]],[[23.57676,59.79803],[23.57782,59.799],[23.57643,59.79974],[23.57572,59.79841],[23.57676,59.79803]],[[23.57739,59.79978],[23.57711,59.79986],[23.57707,59.7998],[23.57739,59.79978]],[[23.57646,59.80971],[23.57574,59.80977],[23.57565,59.80952],[23.57596,59.80932],[23.57646,59.80971]],[[23.57621,59.79282],[23.57577,59.7928],[23.57565,59.79266],[23.57621,59.79282]],[[23.57345,59.8042],[23.57107,59.80372],[23.57143,59.8026],[23.57033,59.8025],[23.57004,59.80217],[23.57158,59.80162],[23.5742,59.80258],[23.57389,59.80343],[23.57479,59.80273],[23.57474,59.80364],[23.57374,59.8036],[23.57588,59.80462],[23.57454,59.80511],[23.57303,59.8047],[23.57345,59.8042]],[[23.57078,59.78929],[23.57376,59.78944],[23.57363,59.79054],[23.57078,59.78929]],[[23.57347,59.79292],[23.57325,59.79308],[23.57287,59.79309],[23.57347,59.79292]],[[23.57114,59.80612],[23.57117,59.80641],[23.57052,59.80626],[23.57114,59.80612]],[[23.56913,59.79033],[23.5684,59.79001],[23.56954,59.79017],[23.56913,59.79033]],[[23.56668,59.79805],[23.56774,59.80112],[23.56536,59.80052],[23.56452,59.79914],[23.56668,59.79805]],[[23.56456,59.80289],[23.56478,59.8033],[23.56457,59.80321],[23.56456,59.80289]],[[23.56369,59.78442],[23.5632,59.7844],[23.5632,59.78431],[23.56369,59.78442]],[[23.56325,59.80125],[23.56328,59.80149],[23.56315,59.80136],[23.56325,59.80125]],[[23.5629,59.80122],[23.56287,59.80087],[23.56309,59.80117],[23.5629,59.80122]],[[23.55975,59.80095],[23.55861,59.80107],[23.55874,59.79963],[23.56143,59.79999],[23.56241,59.8013],[23.56185,59.80238],[23.56097,59.80183],[23.56036,59.80231],[23.55975,59.80095]],[[23.56113,59.80234],[23.56094,59.80261],[23.561,59.80231],[23.56113,59.80234]],[[23.56034,59.80342],[23.56057,59.80361],[23.56036,59.80373],[23.56034,59.80342]],[[23.55577,59.79463],[23.55535,59.79525],[23.5549,59.79513],[23.55441,59.79474],[23.55577,59.79463]],[[23.55518,59.78804],[23.55426,59.78832],[23.55399,59.78794],[23.55518,59.78804]],[[23.55399,59.78686],[23.55402,59.78713],[23.55349,59.78713],[23.55399,59.78686]],[[23.55414,59.78761],[23.55393,59.78775],[23.55364,59.7878],[23.55414,59.78761]],[[23.55372,59.78716],[23.55369,59.78737],[23.55348,59.78734],[23.55372,59.78716]],[[23.55308,59.78715],[23.553,59.78731],[23.55286,59.78721],[23.55308,59.78715]],[[23.55126,59.78701],[23.55241,59.78768],[23.5507,59.78743],[23.55126,59.78701]],[[23.55167,59.79429],[23.55139,59.79444],[23.55131,59.79436],[23.55167,59.79429]],[[23.55132,59.79078],[23.54981,59.79083],[23.54852,59.78989],[23.54975,59.79],[23.54931,59.78903],[23.55132,59.79078]],[[23.55012,59.80673],[23.55091,59.80677],[23.55031,59.80702],[23.55012,59.80673]],[[23.55028,59.80585],[23.54982,59.80639],[23.54961,59.80615],[23.55028,59.80585]],[[23.55042,59.80645],[23.55025,59.8065],[23.55019,59.80641],[23.55042,59.80645]],[[23.54949,59.78668],[23.54989,59.78657],[23.54946,59.78678],[23.54949,59.78668]],[[23.54863,59.7864],[23.54854,59.78711],[23.54806,59.78644],[23.54863,59.7864]],[[23.53677,59.80373],[23.53649,59.80378],[23.53643,59.80375],[23.53677,59.80373]],[[23.5344,59.80389],[23.53511,59.80345],[23.53618,59.8039],[23.5344,59.80389]],[[23.53561,59.80306],[23.53551,59.8034],[23.53527,59.80311],[23.53561,59.80306]],[[23.44695,59.78771],[23.44723,59.78767],[23.44725,59.78774],[23.44695,59.78771]],[[23.44629,59.78711],[23.44602,59.78703],[23.44632,59.78707],[23.44629,59.78711]],[[23.44622,59.78728],[23.44594,59.78717],[23.44626,59.78728],[23.44622,59.78728]],[[23.44593,59.78725],[23.44596,59.78758],[23.44576,59.78732],[23.44593,59.78725]],[[23.44563,59.78674],[23.44542,59.78694],[23.44532,59.78678],[23.44563,59.78674]],[[23.44508,59.78674],[23.44461,59.78677],[23.44455,59.78668],[23.44508,59.78674]],[[23.43692,59.78522],[23.43671,59.78529],[23.43692,59.78519],[23.43692,59.78522]],[[23.43662,59.78623],[23.43514,59.7863],[23.43478,59.78622],[23.43223,59.78498],[23.43613,59.7849],[23.43575,59.78601],[23.43662,59.78623]],[[23.43207,59.78462],[23.43201,59.78481],[23.43195,59.78463],[23.43207,59.78462]],[[23.43118,59.7841],[23.43107,59.78422],[23.43101,59.78416],[23.43118,59.7841]],[[23.43079,59.78367],[23.43024,59.78408],[23.42965,59.78367],[23.42995,59.78349],[23.43079,59.78367]],[[23.41849,59.76204],[23.41816,59.76209],[23.41809,59.76207],[23.41849,59.76204]],[[23.41824,59.76244],[23.41807,59.7622],[23.41837,59.76241],[23.41824,59.76244]],[[23.41786,59.76193],[23.41745,59.76201],[23.41724,59.762],[23.41786,59.76193]],[[23.41777,59.77511],[23.41613,59.77572],[23.41785,59.77482],[23.41777,59.77511]],[[23.41763,59.76225],[23.41723,59.76247],[23.41715,59.76227],[23.41763,59.76225]],[[23.41655,59.76217],[23.4167,59.76236],[23.41638,59.7624],[23.41655,59.76217]],[[23.41624,59.76209],[23.41573,59.7624],[23.41552,59.76223],[23.41624,59.76209]],[[23.41552,59.77992],[23.41539,59.77979],[23.41557,59.77986],[23.41552,59.77992]],[[23.41542,59.77248],[23.41528,59.77264],[23.4152,59.77258],[23.41542,59.77248]],[[23.41518,59.77946],[23.41528,59.77962],[23.415,59.77951],[23.41518,59.77946]],[[23.41369,59.76202],[23.41315,59.76202],[23.41313,59.76196],[23.41369,59.76202]],[[23.41198,59.78593],[23.41251,59.78589],[23.41257,59.78593],[23.41198,59.78593]],[[23.41056,59.77924],[23.41128,59.78024],[23.41041,59.7798],[23.41056,59.77924]],[[23.40121,59.77441],[23.40125,59.77492],[23.40073,59.77492],[23.40121,59.77441]],[[23.39963,59.77431],[23.4005,59.77455],[23.39946,59.77487],[23.39963,59.77431]],[[23.39949,59.77278],[23.39918,59.77319],[23.39903,59.77293],[23.39949,59.77278]],[[23.39537,59.7841],[23.3968,59.78445],[23.39724,59.78491],[23.39594,59.78522],[23.39537,59.7841]],[[23.39576,59.74791],[23.39574,59.74773],[23.39586,59.74777],[23.39576,59.74791]],[[23.39571,59.7852],[23.39517,59.7861],[23.39437,59.78523],[23.39571,59.7852]],[[23.39466,59.77714],[23.39465,59.77731],[23.39442,59.77722],[23.39466,59.77714]],[[23.39217,59.77285],[23.39213,59.77326],[23.39184,59.77308],[23.39217,59.77285]],[[23.39166,59.78361],[23.39107,59.78412],[23.39088,59.78393],[23.39166,59.78361]],[[23.39126,59.78339],[23.39094,59.78303],[23.39127,59.78337],[23.39126,59.78339]],[[23.38818,59.76038],[23.38815,59.76051],[23.38806,59.7605],[23.38818,59.76038]],[[23.38431,59.75372],[23.38408,59.75334],[23.3844,59.75347],[23.38431,59.75372]],[[23.38406,59.75396],[23.38385,59.75389],[23.38413,59.75391],[23.38406,59.75396]],[[23.38351,59.77847],[23.38243,59.77873],[23.38163,59.77792],[23.3834,59.77716],[23.38351,59.77847]],[[23.38197,59.76429],[23.38172,59.76458],[23.38133,59.76456],[23.38197,59.76429]],[[23.38187,59.77709],[23.38191,59.77745],[23.38183,59.77746],[23.38187,59.77709]],[[23.38119,59.75525],[23.38124,59.75491],[23.38138,59.75493],[23.38119,59.75525]],[[23.37945,59.76327],[23.37954,59.76306],[23.37963,59.76315],[23.37945,59.76327]],[[23.37889,59.7634],[23.37923,59.76318],[23.37929,59.76322],[23.37889,59.7634]],[[23.37887,59.76359],[23.37899,59.76342],[23.37924,59.76341],[23.37887,59.76359]],[[23.37893,59.76267],[23.3768,59.76497],[23.37724,59.76316],[23.37893,59.76267]],[[23.37812,59.76403],[23.37838,59.76378],[23.37851,59.76378],[23.37812,59.76403]],[[23.37797,59.76439],[23.37785,59.7645],[23.3778,59.76449],[23.37797,59.76439]],[[23.37783,59.76436],[23.37766,59.76454],[23.37757,59.76452],[23.37783,59.76436]],[[23.37755,59.76455],[23.37752,59.76465],[23.37741,59.76462],[23.37755,59.76455]],[[23.37758,59.76214],[23.37734,59.76225],[23.3773,59.76213],[23.37758,59.76214]],[[23.37257,59.76341],[23.3757,59.76245],[23.37502,59.76472],[23.3725,59.76466],[23.37257,59.76341]],[[23.37395,59.76251],[23.37341,59.76295],[23.37321,59.7629],[23.37395,59.76251]],[[23.37359,59.76003],[23.37315,59.75993],[23.37333,59.75977],[23.37359,59.76003]],[[23.30768,59.78353],[23.30759,59.78341],[23.30782,59.78346],[23.30768,59.78353]],[[23.3063,59.7822],[23.30588,59.78239],[23.3057,59.78221],[23.3063,59.7822]],[[23.30622,59.78314],[23.30635,59.78304],[23.30645,59.7831],[23.30622,59.78314]],[[23.29837,59.78179],[23.29771,59.78111],[23.29866,59.78126],[23.29837,59.78179]],[[23.24825,59.77762],[23.24816,59.77748],[23.24834,59.77759],[23.24825,59.77762]],[[23.24727,59.7774],[23.24806,59.77755],[23.24733,59.77764],[23.24727,59.7774]],[[23.22292,59.7704],[23.22249,59.77058],[23.22199,59.77051],[23.22292,59.7704]],[[23.22135,59.77325],[23.22138,59.77341],[23.22126,59.7733],[23.22135,59.77325]],[[23.22035,59.77268],[23.22139,59.77321],[23.22016,59.77277],[23.22035,59.77268]],[[23.21744,59.77444],[23.21773,59.77424],[23.21775,59.77438],[23.21744,59.77444]],[[23.21424,59.77508],[23.2141,59.77496],[23.2143,59.77503],[23.21424,59.77508]],[[23.20092,59.77749],[23.20101,59.77681],[23.20135,59.77683],[23.20092,59.77749]],[[22.97004,59.75664],[22.9698,59.75682],[22.96966,59.75667],[22.97004,59.75664]],[[22.966,59.757],[22.969,59.7565],[22.969,59.75775],[22.96725,59.758],[22.966,59.757]],[[22.96193,59.75294],[22.96513,59.75277],[22.96094,59.75402],[22.96193,59.75294]],[[22.96435,59.7539],[22.96453,59.75359],[22.9647,59.75362],[22.96435,59.7539]],[[22.96453,59.7542],[22.96436,59.7541],[22.96467,59.75395],[22.96453,59.7542]]],[[[25.27844,60.1523],[25.28202,60.1548],[25.28593,60.15494],[25.28919,60.15382],[25.2837,60.15082],[25.2793,60.15155],[25.27844,60.1523]]],[[[25.25594,60.16058],[25.26413,60.16263],[25.26802,60.16139],[25.2637,60.15965],[25.26061,60.16067],[25.25594,60.16058]]],[[[25.2836,60.16193],[25.28367,60.16068],[25.27714,60.16137],[25.28051,60.16322],[25.2836,60.16193]]],[[[25.26095,60.16403],[25.26541,60.1648],[25.26713,60.16408],[25.26085,60.16335],[25.26095,60.16403]]],[[[25.27528,60.1638],[25.27867,60.16527],[25.27906,60.16477],[25.27792,60.16479],[25.27819,60.16306],[25.27528,60.1638]]],[[[25.25767,60.16696],[25.26035,60.16686],[25.26197,60.16578],[25.25962,60.16482],[25.26015,60.16402],[25.2595,60.16352],[25.25674,60.16295],[25.25332,60.16505],[25.25767,60.16696]]],[[[25.27538,60.16709],[25.27726,60.16691],[25.27889,60.16557],[25.27677,60.16547],[25.27538,60.16709]]],[[[25.26364,60.16766],[25.26584,60.16668],[25.26323,60.16743],[25.26364,60.16766]]],[[[25.23811,60.1736],[25.23594,60.17268],[25.23513,60.17373],[25.23742,60.17492],[25.23811,60.1736]]],[[[25.24385,60.17508],[25.23871,60.17538],[25.2388,60.17474],[25.23637,60.17596],[25.23548,60.17535],[25.23378,60.1778],[25.23512,60.17855],[25.234,60.17961],[25.23441,60.18117],[25.23648,60.18181],[25.23988,60.18076],[25.24166,60.18144],[25.24715,60.1784],[25.25069,60.17838],[25.2505,60.177],[25.24683,60.17659],[25.24385,60.17508]]],[[[25.40814,60.18262],[25.37199,60.17685],[25.35888,60.17899],[25.34761,60.17948],[25.32808,60.17824],[25.31776,60.17562],[25.30246,60.16995],[25.29847,60.16484],[25.27283,60.16802],[25.26393,60.16792],[25.25916,60.16728],[25.25094,60.17845],[25.23427,60.19065],[25.2485,60.19786],[25.25116,60.19978],[25.24064,60.20582],[25.23897,60.21058],[25.24582,60.21273],[25.26262,60.21281],[25.2694,60.21133],[25.27373,60.2107],[25.2786,60.21094],[25.28984,60.20561],[25.31055,60.21065],[25.32671,60.20396],[25.33616,60.20408],[25.36693,60.20729],[25.37718,60.20153],[25.39975,60.19784],[25.40619,60.19194],[25.4167,60.18635],[25.40982,60.18405],[25.40814,60.18262]]],[[[25.23282,60.19071],[25.22805,60.19106],[25.22925,60.19262],[25.22743,60.19311],[25.22708,60.19452],[25.22872,60.19545],[25.23183,60.19489],[25.23364,60.19605],[25.23334,60.19388],[25.23148,60.19319],[25.23254,60.19229],[25.23502,60.19274],[25.23515,60.19153],[25.23282,60.19071]]],[[[25.24816,60.19809],[25.24314,60.19732],[25.24273,60.1989],[25.2487,60.19952],[25.24816,60.19809]]],[[[25.23373,60.21177],[25.23551,60.21103],[25.23635,60.21008],[25.23373,60.21177]]],[[[25.27837,60.21105],[25.26945,60.21138],[25.26885,60.21167],[25.27547,60.21333],[25.27888,60.21214],[25.27837,60.21105]]],[[[25.26335,60.21353],[25.26486,60.21287],[25.26172,60.21362],[25.26335,60.21353]]],[[[25.26876,60.21407],[25.26506,60.21353],[25.26447,60.21412],[25.26653,60.21499],[25.26876,60.21407]]],[[[25.2303,60.20904],[25.226,60.20749],[25.22111,60.20793],[25.22392,60.20918],[25.22243,60.20989],[25.22252,60.21091],[25.22449,60.21099],[25.22277,60.21345],[25.21865,60.21381],[25.2193,60.21473],[25.21568,60.21537],[25.21654,60.21639],[25.21514,60.21636],[25.21036,60.21975],[25.21202,60.2209],[25.21561,60.22048],[25.21682,60.22008],[25.21597,60.21977],[25.21647,60.21884],[25.22059,60.2173],[25.23068,60.21629],[25.2387,60.21885],[25.24074,60.2189],[25.24047,60.21735],[25.24361,60.21712],[25.24643,60.21929],[25.25021,60.21944],[25.24546,60.21459],[25.24224,60.21411],[25.24445,60.21269],[25.24053,60.2122],[25.23594,60.21317],[25.23261,60.21277],[25.23342,60.21176],[25.23117,60.21176],[25.22872,60.21338],[25.22916,60.2122],[25.22576,60.2125],[25.2298,60.21033],[25.22668,60.20938],[25.2303,60.20904]]],[[[25.26954,60.2155],[25.27002,60.21614],[25.2722,60.21575],[25.27087,60.21537],[25.26954,60.2155]]],[[[25.28076,60.21626],[25.27504,60.21597],[25.27457,60.2168],[25.27625,60.21672],[25.27367,60.21826],[25.27473,60.21847],[25.27204,60.22066],[25.2757,60.22121],[25.27958,60.22036],[25.28137,60.2176],[25.28076,60.21626]]],[[[25.25379,60.21959],[25.26375,60.22082],[25.26959,60.21909],[25.26602,60.21697],[25.26423,60.21788],[25.25758,60.21777],[25.25379,60.21959]]],[[[25.24894,60.21983],[25.24631,60.21934],[25.24528,60.22027],[25.25,60.22135],[25.24894,60.21983]]],[[[25.25525,60.22029],[25.24977,60.22039],[25.25054,60.22076],[25.25011,60.22146],[25.24979,60.22157],[25.2503,60.22229],[25.25354,60.22328],[25.2555,60.22283],[25.25467,60.22244],[25.25525,60.22029]]],[[[25.27075,60.22288],[25.2735,60.22211],[25.27134,60.22117],[25.26947,60.22199],[25.2718,60.22205],[25.26973,60.22238],[25.27075,60.22288]]],[[[25.24928,60.22475],[25.25034,60.22476],[25.25084,60.22431],[25.24981,60.22393],[25.24928,60.22475]]],[[[25.27075,60.22413],[25.26791,60.22474],[25.27247,60.22453],[25.27075,60.22413]]],[[[25.21876,60.22237],[25.21609,60.22359],[25.21466,60.22581],[25.21634,60.22895],[25.22007,60.23121],[25.21937,60.23246],[25.22779,60.23302],[25.22739,60.23523],[25.23571,60.23419],[25.2438,60.23172],[25.24334,60.23244],[25.24468,60.23309],[25.24872,60.23366],[25.25275,60.23106],[25.24876,60.22838],[25.25009,60.22728],[25.2492,60.22542],[25.24799,60.22516],[25.24918,60.22319],[25.24538,60.22174],[25.24261,60.22206],[25.23075,60.21954],[25.22462,60.22068],[25.22996,60.22229],[25.22929,60.22259],[25.21876,60.22237]]],[[[25.25596,60.22993],[25.25738,60.2311],[25.25826,60.22979],[25.25596,60.22993]]],[[[25.28478,60.22623],[25.28522,60.2285],[25.28325,60.229],[25.28433,60.23054],[25.28328,60.2316],[25.28887,60.23267],[25.29137,60.23135],[25.29269,60.23176],[25.28812,60.23367],[25.28301,60.23225],[25.28258,60.23413],[25.27849,60.23499],[25.27855,60.23604],[25.2773,60.23595],[25.2775,60.237],[25.27595,60.23864],[25.28078,60.23791],[25.28496,60.23598],[25.27988,60.23623],[25.28251,60.2351],[25.28596,60.23546],[25.28387,60.23806],[25.28713,60.23802],[25.29202,60.23647],[25.29107,60.23593],[25.29375,60.23372],[25.29711,60.23317],[25.29652,60.23428],[25.29777,60.23462],[25.3006,60.23397],[25.29887,60.23301],[25.30287,60.23334],[25.3056,60.23185],[25.30438,60.23128],[25.30031,60.23211],[25.29784,60.23038],[25.29952,60.23015],[25.29621,60.23019],[25.2993,60.2296],[25.29642,60.22938],[25.29456,60.22749],[25.29459,60.22658],[25.29728,60.22565],[25.29667,60.22432],[25.28688,60.22505],[25.28478,60.22623]]],[[[25.25261,60.23257],[25.2542,60.2325],[25.25451,60.23184],[25.25403,60.23152],[25.25261,60.23257]]],[[[25.25269,60.23373],[25.25062,60.23309],[25.24923,60.23445],[25.25211,60.2344],[25.25269,60.23373]]],[[[25.24932,60.23734],[25.24732,60.23852],[25.25107,60.23881],[25.25361,60.23761],[25.24932,60.23734]]],[[[25.27962,60.23898],[25.27735,60.2392],[25.27577,60.24042],[25.27946,60.24055],[25.27962,60.23898]]],[[[25.27958,60.24482],[25.27688,60.24553],[25.27644,60.24616],[25.27986,60.24562],[25.27958,60.24482]]],[[[25.22553,60.24664],[25.22347,60.24562],[25.22421,60.24507],[25.22126,60.24579],[25.22159,60.24705],[25.22553,60.24664]]],[[[25.2553,60.24536],[25.2525,60.24609],[25.25291,60.24698],[25.26154,60.24824],[25.26638,60.24752],[25.26182,60.24625],[25.25631,60.24659],[25.2553,60.24536]]],[[[25.24643,60.24994],[25.24301,60.24904],[25.24182,60.24926],[25.24147,60.25038],[25.24374,60.25164],[25.24643,60.24994]]],[[[25.22206,60.27473],[25.22232,60.27536],[25.22454,60.27536],[25.22394,60.27471],[25.22206,60.27473]]],[[[25.26237,60.28057],[25.25849,60.27898],[25.25939,60.28191],[25.26287,60.28213],[25.26237,60.28057]]],[[[25.25496,60.29035],[25.25685,60.29229],[25.25941,60.29176],[25.25732,60.29001],[25.25496,60.29035]]],[[[25.22263,60.29209],[25.22214,60.29331],[25.22457,60.29379],[25.22549,60.29304],[25.22263,60.29209]]],[[[25.25911,60.30515],[25.25097,60.30228],[25.25006,60.30272],[25.25109,60.30484],[25.25854,60.30664],[25.25802,60.30607],[25.25911,60.30515]]],[[[25.23175,60.31146],[25.22935,60.31105],[25.22874,60.30882],[25.22686,60.30869],[25.2252,60.30918],[25.22848,60.31141],[25.2267,60.31226],[25.21783,60.31078],[25.21736,60.3124],[25.22883,60.31437],[25.23522,60.31335],[25.23201,60.3129],[25.23175,60.31146]],[[25.228,60.3125],[25.22832,60.31332],[25.22768,60.31261],[25.228,60.3125]],[[25.22665,60.31247],[25.22638,60.31261],[25.22639,60.31241],[25.22665,60.31247]],[[25.22345,60.31287],[25.22366,60.313],[25.22348,60.31303],[25.22345,60.31287]],[[25.22253,60.31181],[25.22172,60.3122],[25.22207,60.31164],[25.22253,60.31181]]],[[[25.28444,60.30994],[25.27846,60.31383],[25.27561,60.31504],[25.27507,60.31549],[25.27847,60.31405],[25.28444,60.30994]]],[[[25.25839,60.31402],[25.26037,60.31539],[25.26199,60.31495],[25.25839,60.31402]]],[[[25.22442,60.31755],[25.22091,60.31678],[25.22071,60.31718],[25.22442,60.31755]]],[[[25.26562,60.3187],[25.263,60.32169],[25.26265,60.32249],[25.26522,60.31976],[25.26562,60.3187]]],[[[25.25705,60.33682],[25.25632,60.3345],[25.25946,60.3323],[25.25618,60.33438],[25.25609,60.33524],[25.25693,60.3366],[25.25632,60.33744],[25.25705,60.33682]]],[[[25.23505,60.35269],[25.23735,60.35226],[25.2349,60.35213],[25.23505,60.35269]]],[[[25.26667,60.35516],[25.26468,60.35171],[25.26486,60.3537],[25.26667,60.35516]]],[[[25.26978,60.35848],[25.26698,60.35503],[25.26892,60.35833],[25.2719,60.35974],[25.27019,60.36066],[25.26942,60.36252],[25.26997,60.36327],[25.26867,60.36403],[25.2702,60.36333],[25.27036,60.36095],[25.27215,60.35987],[25.26978,60.35848]]]]},"bbox":[22.521972,59.2344596,30.2307057,60.5130336]}],"bbox":[22.521972,59.2344596,30.2307057,60.5130336]}